Datetime,sentiment,google_trends,close
2017-01-01,0.3248552631578947,2.43,26595.44921875
2017-01-02,0.1999804901036757,9.0,26595.44921875
2017-01-03,0.2859418669131238,8.73,26643.240234375
2017-01-04,0.3110939698492462,8.1,26633.130859375
2017-01-05,0.36430859080633,8.91,26878.240234375
2017-01-06,0.3149829380764163,7.649999999999999,26759.23046875
2017-01-07,0.4012450485436893,2.7,26748.337239583332
2017-01-08,0.4036120898100172,1.98,26737.444010416668
2017-01-09,0.3065175749318801,8.19,26726.55078125
2017-01-10,0.3379077504725897,7.649999999999999,26899.560546875
2017-01-11,0.3589243395409268,7.47,27140.41015625
2017-01-12,0.3669758932609678,8.82,27247.16015625
2017-01-13,0.3604495566502463,8.01,27238.060546875
2017-01-14,0.4066902193784277,2.07,27254.763671875
2017-01-15,0.3150417165668662,1.71,27271.466796875
2017-01-16,0.3092649477351916,7.47,27288.169921875
2017-01-17,0.3591011154489682,8.64,27235.66015625
2017-01-18,0.3956512945774303,7.56,27257.640625
2017-01-19,0.3617391232876712,7.02,27308.599609375
2017-01-20,0.311033279656468,8.28,27034.5
2017-01-21,0.3877855400696864,2.25,27062.11328125
2017-01-22,0.3044821256038647,1.62,27089.7265625
2017-01-23,0.2909457715780296,7.38,27117.33984375
2017-01-24,0.3598712607674236,7.649999999999999,27375.580078125
2017-01-25,0.3530534291312867,7.92,27708.140625
2017-01-26,0.1516809523809523,3.15,27795.30078125
2017-01-27,0.3561531163434903,8.73,27882.4609375
2017-01-28,0.3746050739957716,2.79,27871.494140625
2017-01-29,0.3299941747572815,2.52,27860.52734375
2017-01-30,0.3145403846153846,9.0,27849.560546875
2017-01-31,0.2770182810368349,8.64,27655.9609375
2017-02-01,0.3196721182266009,11.0,28141.640625
2017-02-02,0.3212458635703918,9.35,28226.609375
2017-02-03,0.3306011519078473,9.57,28240.51953125
2017-02-04,0.3616221854304635,3.19,28306.772786458332
2017-02-05,0.25283,1.98,28373.026041666668
2017-02-06,0.3559127588510353,8.25,28439.279296875
2017-02-07,0.2963212809917355,8.47,28335.16015625
2017-02-08,0.3109479928100658,8.25,28289.919921875
2017-02-09,0.3186219417475728,8.36,28329.69921875
2017-02-10,0.3416632334581773,7.92,28334.25
2017-02-11,0.3563784660766961,2.53,28340.039713541668
2017-02-12,0.3295434426229507,1.87,28345.829427083332
2017-02-13,0.30831660188784,7.48,28351.619140625
2017-02-14,0.3147453980801806,7.81,28339.310546875
2017-02-15,0.2374958132045088,7.92,28155.560546875
2017-02-16,0.3229369646182495,7.7,28301.26953125
2017-02-17,0.3493403254972875,7.92,28468.75
2017-02-18,0.3780296703296703,2.75,28533.026692708332
2017-02-19,0.1809484848484848,2.09,28597.303385416668
2017-02-20,0.2795327519379845,8.14,28661.580078125
2017-02-21,0.3458950631458094,7.92,28761.58984375
2017-02-22,0.3541314935064935,8.69,28864.7109375
2017-02-23,0.3272595825426945,8.25,28892.970703125
2017-02-24,0.3880445544554455,5.17,28872.9482421875
2017-02-25,0.3018671875,2.53,28852.92578125
2017-02-26,0.1851127272727273,1.98,28832.9033203125
2017-02-27,0.2656390642002176,7.04,28812.880859375
2017-02-28,0.2915726506024096,7.92,28743.3203125
2017-03-01,0.3417214160839161,7.26,28984.490234375
2017-03-02,0.3250469260700389,8.03,28839.7890625
2017-03-03,0.240699591002045,7.7,28832.44921875
2017-03-04,0.3485969387755102,2.75,28904.362630208332
2017-03-05,0.3212,1.76,28976.276041666668
2017-03-06,0.2702376785714285,7.15,29048.189453125
2017-03-07,0.2995496335078534,7.59,28999.560546875
2017-03-08,0.2023370629370629,7.48,28901.939453125
2017-03-09,0.1782820395738203,6.93,28929.130859375
2017-03-10,0.266250881953867,7.48,28946.23046875
2017-03-11,0.2013076363636363,2.42,29070.33056640625
2017-03-12,0.2120247706422018,1.43,29194.4306640625
2017-03-13,0.1883846153846153,3.19,29318.53076171875
2017-03-14,0.3244223619846261,11.0,29442.630859375
2017-03-15,0.2595530909090909,9.24,29398.109375
2017-03-16,0.2602923536439665,8.69,29585.849609375
2017-03-17,0.3132058186738836,8.47,29648.990234375
2017-03-18,0.3280255681818182,2.53,29605.573567708332
2017-03-19,0.0673174672489082,1.65,29562.156901041668
2017-03-20,0.258407063197026,7.92,29518.740234375
2017-03-21,0.2251965608465608,7.92,29485.44921875
2017-03-22,0.2103367366412213,7.48,29167.6796875
2017-03-23,0.298364667393675,7.92,29332.16015625
2017-03-24,0.3757360623781676,7.59,29421.400390625
2017-03-25,0.355467942583732,2.42,29359.983723958332
2017-03-26,0.3040083333333333,1.87,29298.567057291668
2017-03-27,0.1297619439868204,7.81,29237.150390625
2017-03-28,0.2860215415019763,6.6,29409.51953125
2017-03-29,0.3678008962868118,7.04,29531.4296875
2017-03-30,0.3591315831987076,8.14,29647.419921875
2017-03-31,0.3416241172051089,8.25,29620.5
2017-04-01,0.3916079019073569,2.76,29717.073567708332
2017-04-02,0.3007575757575757,1.92,29813.647135416668
2017-04-03,0.3323071359691418,8.04,29910.220703125
2017-04-04,0.3525936802973978,6.48,29942.23046875
2017-04-05,0.3041612884160756,9.72,29974.240234375
2017-04-06,0.2709072842438638,10.2,29927.33984375
2017-04-07,0.2751609157808667,9.0,29706.609375
2017-04-08,0.3317320843091335,2.52,29662.986328125
2017-04-09,0.1175735849056603,2.04,29619.36328125
2017-04-10,0.1445531510107015,9.0,29575.740234375
2017-04-11,0.2449854838709677,8.879999999999999,29788.349609375
2017-04-12,0.1521519809825673,9.36,29643.48046875
2017-04-13,-0.0658804832713754,8.879999999999999,29461.44921875
2017-04-14,-0.0466973333333333,4.32,29449.501953125
2017-04-15,-0.0376809523809523,2.64,29437.5546875
2017-04-16,0.1143714285714285,1.44,29425.607421875
2017-04-17,0.0643899791231732,8.4,29413.66015625
2017-04-18,0.2542132673267326,7.8,29319.099609375
2017-04-19,0.2465617954070981,8.64,29336.5703125
2017-04-20,0.2741094142259414,7.68,29422.390625
2017-04-21,0.2610679389312977,7.56,29365.30078125
2017-04-22,0.217111475409836,2.28,29462.147135416668
2017-04-23,0.1756797101449275,1.68,29558.993489583332
2017-04-24,0.2871784411276948,8.28,29655.83984375
2017-04-25,0.3616084254143646,9.12,29943.240234375
2017-04-26,0.218157211250748,12.0,30133.349609375
2017-04-27,0.1682525531914893,11.4,30029.740234375
2017-04-28,0.1300216666666666,9.84,29918.400390625
2017-04-29,0.0506713541666666,2.4,29919.09521484375
2017-04-30,0.1374105555555555,1.92,29919.7900390625
2017-05-01,0.1137629213483146,5.07,29920.48486328125
2017-05-02,0.2072474552957359,8.97,29921.1796875
2017-05-03,0.1773101785714285,8.58,29894.80078125
2017-05-04,0.3039427444794952,8.450000000000001,30126.2109375
2017-05-05,0.1687478806907378,8.71,29858.80078125
2017-05-06,0.123548623853211,2.8600000000000003,29881.250651041668
2017-05-07,0.128184,1.82,29903.700520833332
2017-05-08,0.2902746089049338,8.32,29926.150390625
2017-05-09,0.2350189097103918,8.19,29933.25
2017-05-10,0.3102013958125623,8.58,30248.169921875
2017-05-11,0.3476061643835616,10.01,30250.98046875
2017-05-12,0.2708617307692307,8.71,30188.150390625
2017-05-13,0.2010303921568627,3.12,30232.806640625
2017-05-14,0.0484252525252525,2.21,30277.462890625
2017-05-15,0.3016586070959264,9.23,30322.119140625
2017-05-16,0.3623033653846154,10.14,30582.599609375
2017-05-17,0.2886979966611018,9.75,30658.76953125
2017-05-18,0.1341237606837607,9.75,30434.7890625
2017-05-19,0.2202269565217391,10.14,30464.919921875
2017-05-20,0.1653078651685393,2.99,30500.270182291668
2017-05-21,0.1014819672131147,2.08,30535.620442708332
2017-05-22,0.2876629360465116,9.62,30570.970703125
2017-05-23,0.1390228748068006,9.62,30365.25
2017-05-24,0.2484570175438596,9.62,30301.640625
2017-05-25,0.255438739789965,10.27,30750.029296875
2017-05-26,0.2772919836161498,13.0,31028.2109375
2017-05-27,0.2793359375,3.77,31055.233723958332
2017-05-28,0.2435448717948718,2.47,31082.256510416668
2017-05-29,0.2656284297520661,10.79,31109.279296875
2017-05-30,0.244921200750469,10.01,31159.400390625
2017-05-31,0.2890809199318568,9.49,31145.80078125
2017-06-01,0.1215065454545454,12.0,31137.58984375
2017-06-02,0.3492039816232772,12.0,31273.2890625
2017-06-03,0.3048544117647059,3.96,31285.356119791668
2017-06-04,0.2346857142857142,1.7999999999999998,31297.423177083332
2017-06-05,0.2766043252595155,10.8,31309.490234375
2017-06-06,0.2599428822495606,10.92,31190.560546875
2017-06-07,0.2656826923076923,10.08,31271.279296875
2017-06-08,0.2125511343804537,10.44,31213.359375
2017-06-09,0.104956976744186,9.72,31262.060546875
2017-06-10,0.2929351063829787,3.6,31206.606770833332
2017-06-11,0.0788141414141414,2.16,31151.152994791668
2017-06-12,0.1160936995153473,9.96,31095.69921875
2017-06-13,0.2419138888888888,9.84,31103.490234375
2017-06-14,0.2788515315315315,9.12,31155.91015625
2017-06-15,0.1902317991631799,10.32,31075.73046875
2017-06-16,0.2342532416502946,9.6,31056.400390625
2017-06-17,0.0882654320987654,3.36,31141.45703125
2017-06-18,0.0852255813953488,2.28,31226.513671875
2017-06-19,0.2654605105105105,9.48,31311.5703125
2017-06-20,0.2648706122448979,10.2,31297.529296875
2017-06-21,0.1050018595041322,9.84,31283.640625
2017-06-22,0.2280544631306597,10.32,31290.740234375
2017-06-23,0.2032164855072463,10.32,31138.2109375
2017-06-24,0.2655509433962264,3.6,31093.220703125
2017-06-25,0.2392833333333333,2.64,31048.23046875
2017-06-26,0.1741487804878048,4.8,31003.240234375
2017-06-27,0.2035406374501991,9.84,30958.25
2017-06-28,0.1219388257575757,10.8,30834.3203125
2017-06-29,0.1955429389312977,10.32,30857.51953125
2017-06-30,0.178941011235955,10.92,30921.609375
2017-07-01,0.0974616666666666,3.22,31021.612630208332
2017-07-02,0.19785,2.3800000000000003,31121.615885416668
2017-07-03,0.3130714677640603,11.340000000000002,31221.619140625
2017-07-04,0.3123803312629399,11.2,31209.7890625
2017-07-05,0.2556555323590814,9.8,31245.560546875
2017-07-06,0.2898320987654321,9.8,31369.33984375
2017-07-07,0.1294968957871397,9.8,31360.630859375
2017-07-08,0.2181146551724138,3.22,31478.967447916668
2017-07-09,0.2096795454545454,1.6800000000000002,31597.304036458332
2017-07-10,0.1384955911823647,11.340000000000002,31715.640625
2017-07-11,0.2993061990212071,10.78,31747.08984375
2017-07-12,0.3200513108614232,11.340000000000002,31804.8203125
2017-07-13,0.2772584604212055,14.000000000000002,32037.380859375
2017-07-14,0.215387714987715,12.46,32020.75
2017-07-15,0.268362987012987,3.5000000000000004,32038.759765625
2017-07-16,0.1297878048780487,2.24,32056.76953125
2017-07-17,0.3314598845598845,10.64,32074.779296875
2017-07-18,0.1795787234042553,12.32,31710.990234375
2017-07-19,0.2526944971537002,12.04,31955.349609375
2017-07-20,0.2674874113475177,11.06,31904.400390625
2017-07-21,0.2797369606003752,11.340000000000002,32028.890625
2017-07-22,0.3293297297297297,3.3600000000000003,32101.216796875
2017-07-23,0.116379365079365,1.96,32173.54296875
2017-07-24,0.3678593613933236,11.760000000000002,32245.869140625
2017-07-25,0.2754812297734628,12.04,32228.26953125
2017-07-26,0.2967521406727829,11.340000000000002,32382.4609375
2017-07-27,0.2802102893890675,11.760000000000002,32383.30078125
2017-07-28,0.212695,11.9,32309.880859375
2017-07-29,0.1157365269461077,3.08,32378.233723958332
2017-07-30,0.1094057471264367,2.24,32446.586588541668
2017-07-31,0.2632227709190672,10.22,32514.939453125
2017-08-01,0.2881426356589147,10.8,32575.169921875
2017-08-02,0.198880372250423,11.85,32476.740234375
2017-08-03,0.090903629032258,11.1,32237.880859375
2017-08-04,0.1882208333333333,11.85,32325.41015625
2017-08-05,0.2115208333333333,3.15,32308.163411458332
2017-08-06,0.1416348837209302,2.25,32290.916666666668
2017-08-07,0.2686691525423729,9.45,32273.669921875
2017-08-08,0.1865557788944723,10.65,32014.189453125
2017-08-09,0.0752989455184534,12.75,31797.83984375
2017-08-10,0.0825106858054226,13.5,31531.330078125
2017-08-11,0.0928256965944272,15.0,31213.58984375
2017-08-12,0.2768543859649123,4.35,31292.069661458332
2017-08-13,0.0846367088607595,2.85,31370.549479166668
2017-08-14,0.1379051565377532,10.8,31449.029296875
2017-08-15,0.0654899999999999,3.75,31609.9599609375
2017-08-16,0.2594982248520709,11.4,31770.890625
2017-08-17,0.2598176470588235,11.1,31795.4609375
2017-08-18,0.0299351174934725,12.0,31524.6796875
2017-08-19,0.0856159090909091,3.45,31436.069661458332
2017-08-20,0.1574119047619047,1.95,31347.459635416668
2017-08-21,0.1333125730994152,11.55,31258.849609375
2017-08-22,0.2231052525252525,12.9,31291.849609375
2017-08-23,0.2864491525423729,10.95,31568.009765625
2017-08-24,0.2331197478991596,10.65,31596.060546875
2017-08-25,0.2052366071428571,6.15,31634.75048828125
2017-08-26,0.2102743589743589,2.4,31673.4404296875
2017-08-27,0.1210766666666666,1.5,31712.13037109375
2017-08-28,0.2847058365758754,9.9,31750.8203125
2017-08-29,0.0898519061583577,11.1,31388.390625
2017-08-30,0.2533871198568873,9.75,31646.4609375
2017-08-31,0.170655,10.5,31730.490234375
2017-09-01,0.2212765957446808,10.8,31892.23046875
2017-09-02,0.2391043010752688,2.7,31828.903645833332
2017-09-03,0.082398,1.65,31765.576822916668
2017-09-04,0.0918670200235571,11.55,31702.25
2017-09-05,0.2222611570247933,10.35,31809.55078125
2017-09-06,0.0391227513227513,10.65,31661.970703125
2017-09-07,0.2469646090534979,10.5,31662.740234375
2017-09-08,0.2780818181818182,10.2,31687.51953125
2017-09-09,0.2860117647058823,3.0,31752.399739583332
2017-09-10,0.218637037037037,1.7999999999999998,31817.279947916668
2017-09-11,0.3396010330578512,10.2,31882.16015625
2017-09-12,0.3013836826347305,9.6,32158.66015625
2017-09-13,0.256268458781362,11.85,32186.41015625
2017-09-14,0.2928543726235741,10.8,32241.9296875
2017-09-15,0.1579786372007366,12.15,32272.609375
2017-09-16,0.4197499999999999,2.4,32322.992838541668
2017-09-17,0.172236305732484,1.65,32373.376302083332
2017-09-18,0.2001057649667405,10.65,32423.759765625
2017-09-19,0.2575701785714285,10.65,32402.369140625
2017-09-20,0.2700178197064989,9.9,32400.509765625
2017-09-21,0.2135963414634146,10.35,32370.0390625
2017-09-22,0.0693037359900373,13.95,31922.439453125
2017-09-23,0.094954081632653,3.15,31823.836588541668
2017-09-24,0.0955510204081632,1.7999999999999998,31725.233723958332
2017-09-25,0.1172597615499254,13.8,31626.630859375
2017-09-26,0.1313873786407767,14.1,31599.759765625
2017-09-27,0.1538857503152585,15.0,31159.810546875
2017-09-28,0.1285540229885057,14.85,31282.48046875
2017-09-29,0.2627029239766082,12.45,31283.720703125
2017-09-30,0.1818916666666666,2.85,31337.1357421875
2017-10-01,0.0754973913043478,1.8200000000000005,31390.55078125
2017-10-02,0.0588487012987012,3.640000000000001,31443.9658203125
2017-10-03,0.1594385255648037,11.9,31497.380859375
2017-10-04,0.2608625,12.18,31671.7109375
2017-10-05,0.2094676587301587,12.32,31592.029296875
2017-10-06,0.2570965656565656,10.78,31814.220703125
2017-10-07,0.140933,2.9400000000000004,31825.110677083332
2017-10-08,0.2407477777777777,1.54,31836.000651041668
2017-10-09,0.3181534979423868,11.48,31846.890625
2017-10-10,0.3227011210762331,10.36,31924.41015625
2017-10-11,0.2509910554561717,11.9,31833.990234375
2017-10-12,0.2473216890595009,12.46,32182.220703125
2017-10-13,0.3010129893238434,13.02,32432.689453125
2017-10-14,0.3352716216216216,2.5200000000000005,32499.673177083332
2017-10-15,0.2564985074626866,1.6800000000000002,32566.656901041668
2017-10-16,0.333560932642487,10.920000000000002,32633.640625
2017-10-17,0.2771490196078431,11.2,32609.16015625
2017-10-18,0.2323169683257918,9.38,32584.349609375
2017-10-19,0.172278869047619,5.880000000000001,32389.9609375
2017-10-20,0.1530736842105263,6.300000000000001,32419.15087890625
2017-10-21,0.4131442857142857,2.24,32448.3408203125
2017-10-22,0.4146619047619048,1.6800000000000002,32477.53076171875
2017-10-23,0.3513640740740741,9.8,32506.720703125
2017-10-24,0.3402172484599589,9.94,32607.33984375
2017-10-25,0.2393562703583062,12.6,33042.5
2017-10-26,0.2008889487870619,14.000000000000002,33147.12890625
2017-10-27,0.3303943164362519,12.740000000000002,33157.21875
2017-10-28,0.3261792307692308,3.22,33193.532552083336
2017-10-29,0.3293742857142857,1.8200000000000005,33229.846354166664
2017-10-30,0.33998,11.2,33266.16015625
2017-10-31,0.1962890109890109,12.04,33213.12890625
2017-11-01,0.3237791342952275,15.81,33600.26953125
2017-11-02,0.331924213836478,15.3,33573.21875
2017-11-03,0.3423691525423729,14.79,33685.55859375
2017-11-04,0.28148,3.06,33700.76953125
2017-11-05,0.1945341463414634,1.87,33715.98046875
2017-11-06,0.196978431372549,14.11,33731.19140625
2017-11-07,0.1873886762360446,15.98,33370.76171875
2017-11-08,0.2843567407407407,16.490000000000002,33218.80859375
2017-11-09,0.2920791208791208,15.81,33250.9296875
2017-11-10,0.2171427061310782,14.79,33314.55859375
2017-11-11,0.1672474358974358,3.2300000000000004,33220.891927083336
2017-11-12,0.2041845070422535,1.7000000000000002,33127.225260416664
2017-11-13,0.1904174803149606,14.96,33033.55859375
2017-11-14,0.13781734006734,14.45,32941.87109375
2017-11-15,-0.0025410909090909,15.3,32760.439453125
2017-11-16,0.2134285714285714,15.3,33106.8203125
2017-11-17,0.1747797229219143,17.0,33342.80078125
2017-11-18,0.3145700680272109,3.4000000000000004,33348.5
2017-11-19,0.2610555555555555,1.7000000000000002,33354.19921875
2017-11-20,0.2168387518142235,15.47,33359.8984375
2017-11-21,0.2784544093178037,14.11,33478.3515625
2017-11-22,0.3413038596491228,14.11,33561.55078125
2017-11-23,0.2660372093023256,13.77,33588.078125
2017-11-24,0.3593195571955719,14.11,33679.23828125
2017-11-25,0.4203567164179104,3.06,33694.305989583336
2017-11-26,0.3806985714285714,1.87,33709.373697916664
2017-11-27,0.1548775828460039,13.6,33724.44140625
2017-11-28,0.188603744493392,13.77,33618.58984375
2017-11-29,0.1818254385964912,13.43,33602.76171875
2017-11-30,0.0743807980049875,15.81,33149.3515625
2017-12-01,0.2018435207823961,9.18,32832.94140625
2017-12-02,0.2200975,2.34,32845.200520833336
2017-12-03,0.197053947368421,1.26,32857.459635416664
2017-12-04,0.2753456582633053,9.18,32869.71875
2017-12-05,0.1593245253164557,8.459999999999999,32802.44140625
2017-12-06,0.1783778294573643,9.18,32597.1796875
2017-12-07,0.331374297752809,8.459999999999999,32949.2109375
2017-12-08,0.2813356145251396,9.0,33250.30078125
2017-12-09,0.3651517857142857,1.7999999999999998,33318.796875
2017-12-10,0.1753246575342466,1.08,33387.29296875
2017-12-11,0.3111709893048128,8.28,33455.7890625
2017-12-12,0.1696173764906303,9.0,33227.98828125
2017-12-13,0.1010302816901408,8.64,33053.0390625
2017-12-14,0.2279102564102564,8.64,33246.69921875
2017-12-15,0.2967465954606141,9.54,33462.96875
2017-12-16,0.1723583333333333,1.98,33509.205729166664
2017-12-17,0.2498577669902912,1.08,33555.442708333336
2017-12-18,0.1821048708920187,18.0,33601.6796875
2017-12-19,0.3334556074766355,10.62,33836.73828125
2017-12-20,0.3036796521739131,10.98,33777.37890625
2017-12-21,0.2774187234042553,10.26,33756.28125
2017-12-22,0.3497872093023256,10.62,33940.30078125
2017-12-23,0.3044406593406593,2.16,33957.8779296875
2017-12-24,0.3448617283950617,1.08,33975.455078125
2017-12-25,0.2702961038961038,3.42,33993.0322265625
2017-12-26,0.2353315136476426,11.52,34010.609375
2017-12-27,0.2385263929618768,10.08,33911.80859375
2017-12-28,0.2186920955882352,10.8,33848.03125
2017-12-29,0.341701282051282,10.44,34056.828125
2017-12-30,0.2857091549295775,2.34,33975.46875
2017-12-31,0.3101358208955224,1.08,33894.109375
2018-01-01,0.1645714548802946,14.2,33812.75
2018-01-02,0.2283939393939394,14.8,33812.26171875
2018-01-03,0.251956338028169,12.4,33793.37890625
2018-01-04,0.2791035573122529,12.6,33969.640625
2018-01-05,0.3504247863247863,13.0,34153.8515625
2018-01-06,0.3438984126984127,3.0,34220.1640625
2018-01-07,0.3289125,1.6,34286.4765625
2018-01-08,0.2764814058956916,13.2,34352.7890625
2018-01-09,0.3079974747474747,13.2,34443.19140625
2018-01-10,0.2403735849056603,13.2,34433.0703125
2018-01-11,0.2446377049180328,12.8,34503.48828125
2018-01-12,0.3122188931297709,14.0,34592.390625
2018-01-13,0.3446892857142857,2.8000000000000003,34676.09765625
2018-01-14,0.3048851851851851,1.6,34759.8046875
2018-01-15,0.3131652106084243,13.4,34843.51171875
2018-01-16,0.2697705284552845,14.6,34771.05078125
2018-01-17,0.1821067766647024,15.8,35081.8203125
2018-01-18,0.2620167556029882,20.0,35260.2890625
2018-01-19,0.3299581320450885,16.0,35511.578125
2018-01-20,0.3687999999999999,3.8,35607.055989583336
2018-01-21,0.2628878787878788,2.0,35702.533854166664
2018-01-22,0.2788145518044237,12.8,35798.01171875
2018-01-23,0.3198425163983303,15.8,36139.98046875
2018-01-24,0.3032916167664671,15.4,36161.640625
2018-01-25,0.2331778827977315,14.8,36050.44140625
2018-01-26,0.2405670588235294,4.4,36108.6435546875
2018-01-27,0.2627085714285714,2.6,36166.845703125
2018-01-28,0.3311571428571428,1.6,36225.0478515625
2018-01-29,0.3244499148211243,15.0,36283.25
2018-01-30,0.1739307001795332,14.6,36033.73046875
2018-01-31,0.1483205217391304,14.4,35965.01953125
2018-02-01,0.226718326693227,16.64,35906.66015625
2018-02-02,0.1486324444444444,19.52,35066.75
2018-02-03,0.0970873595505617,4.8,34963.553385416664
2018-02-04,0.0879648068669527,2.24,34860.356770833336
2018-02-05,0.1245922755741127,21.12,34757.16015625
2018-02-06,0.1214438814289333,32.0,34195.94140625
2018-02-07,0.1595987242394504,23.36,34082.7109375
2018-02-08,0.2839709239130434,18.24,34413.16015625
2018-02-09,0.1596827160493827,20.48,34005.76171875
2018-02-10,0.1344341708542713,3.84,34103.997395833336
2018-02-11,0.1663463917525773,2.24,34202.233072916664
2018-02-12,0.2906104095563139,15.68,34300.46875
2018-02-13,0.2855634146341463,8.64,34228.208984375
2018-02-14,0.1872322834645669,14.08,34155.94921875
2018-02-15,0.2474695009242144,14.72,34297.46875
2018-02-16,0.2031500878734622,14.4,34010.76171875
2018-02-17,0.2113430232558139,3.52,33932.061197916664
2018-02-18,0.3173301587301587,1.92,33853.360677083336
2018-02-19,0.1085392248062015,16.32,33774.66015625
2018-02-20,0.1750506591337099,14.72,33703.58984375
2018-02-21,0.2610385931558935,12.8,33844.859375
2018-02-22,0.1591825670498084,13.12,33819.5
2018-02-23,0.3119205081669691,12.48,34142.1484375
2018-02-24,0.3174893617021276,2.88,34243.348958333336
2018-02-25,0.3931345454545454,1.6,34344.549479166664
2018-02-26,0.2634635093167702,12.16,34445.75
2018-02-27,0.2186376425855513,12.48,34346.390625
2018-02-28,0.1177769784172661,11.52,34184.0390625
2018-03-01,0.1951068965517241,15.86,34046.94140625
2018-03-02,0.2861669117647059,6.5,33971.9013671875
2018-03-03,0.2654740740740741,5.2,33896.861328125
2018-03-04,0.383859493670886,3.38,33821.8212890625
2018-03-05,0.128269,19.76,33746.78125
2018-03-06,0.1350361918604651,21.58,33317.19921875
2018-03-07,0.1728671014492753,23.4,33033.08984375
2018-03-08,0.2624912962962962,21.84,33351.5703125
2018-03-09,0.1987071111111111,21.58,33307.140625
2018-03-10,0.296955294117647,5.720000000000001,33510.740885416664
2018-03-11,0.1305,3.64,33714.341145833336
2018-03-12,0.2617933530280649,22.36,33917.94140625
2018-03-13,0.1913296460176991,21.58,33856.78125
2018-03-14,0.1982191397849462,21.06,33835.73828125
2018-03-15,0.1602433566433566,19.76,33685.5390625
2018-03-16,0.1272686614173228,19.76,33176.0
2018-03-17,0.2901807692307692,6.5,33091.70703125
2018-03-18,0.2243622950819672,4.94,33007.4140625
2018-03-19,0.1966503164556962,23.92,32923.12109375
2018-03-20,0.177577449168207,23.4,32996.76171875
2018-03-21,0.2796147792706334,21.06,33136.1796875
2018-03-22,0.2153457504520795,20.28,33006.26953125
2018-03-23,0.0193055045871559,26.0,32596.5390625
2018-03-24,0.1337043010752688,7.800000000000001,32753.162760416668
2018-03-25,0.002098319327731,4.42,32909.786458333336
2018-03-26,0.1395182149362477,22.880000000000003,33066.41015625
2018-03-27,0.2770478417266187,22.62,33174.390625
2018-03-28,0.1524578528827037,23.66,32968.6796875
2018-03-29,0.2759866197183098,16.12,33026.015625
2018-03-30,0.2751634146341463,10.14,33083.3515625
2018-03-31,0.2978923076923077,5.46,33140.6875
2018-04-01,0.2852642857142857,4.68,33198.0234375
2018-04-02,0.2759711151736745,23.4,33255.359375
2018-04-03,0.2303457700650759,23.14,33370.62890625
2018-04-04,0.0726160940325497,24.96,33019.0703125
2018-04-05,0.1988999999999999,24.18,33596.80078125
2018-04-06,0.1268685267857142,26.0,33626.96875
2018-04-07,0.2866043956043956,8.06,33680.825520833336
2018-04-08,0.1965823529411764,4.94,33734.682291666664
2018-04-09,0.2848354344122657,24.96,33788.5390625
2018-04-10,0.2768127619047619,23.92,33880.25
2018-04-11,0.2254657620041753,23.66,33940.44140625
2018-04-12,0.2394370078740157,22.62,34101.12890625
2018-04-13,0.2842950643776824,22.1,34192.6484375
2018-04-14,0.2793264705882353,4.94,34230.2421875
2018-04-15,0.2685166666666667,3.9,34267.8359375
2018-04-16,0.1886516467065868,21.58,34305.4296875
2018-04-17,0.2977201904761904,19.76,34395.05859375
2018-04-18,0.2681881386861313,21.58,34331.6796875
2018-04-19,0.258500442477876,19.5,34427.2890625
2018-04-20,0.1662901376146789,19.76,34415.578125
2018-04-21,0.3197425,4.68,34427.30859375
2018-04-22,0.3003044444444444,2.8600000000000003,34439.0390625
2018-04-23,0.2437082815734989,18.46,34450.76953125
2018-04-24,0.2955548979591836,18.98,34616.640625
2018-04-25,0.141836,18.98,34501.26953125
2018-04-26,0.2346142857142857,18.46,34713.6015625
2018-04-27,0.3172214137214137,20.02,34969.69921875
2018-04-28,0.4023045454545454,5.2,35033.252604166664
2018-04-29,0.1839115942028985,2.8600000000000003,35096.805989583336
2018-04-30,0.2986929203539822,18.2,35160.359375
2018-05-01,0.1765087431693989,10.32,35168.390625
2018-05-02,0.1676553191489361,17.52,35176.421875
2018-05-03,0.1529073170731707,17.04,35103.140625
2018-05-04,0.0854323462414578,16.56,34915.37890625
2018-05-05,0.3291365079365079,4.56,35012.966145833336
2018-05-06,0.1793053571428571,2.64,35110.553385416664
2018-05-07,0.2673938428874735,16.32,35208.140625
2018-05-08,0.2718751648351648,17.04,35216.3203125
2018-05-09,0.1688712053571428,16.32,35319.3515625
2018-05-10,0.2197242130750605,17.04,35246.26953125
2018-05-11,0.2597343749999999,16.8,35535.7890625
2018-05-12,0.3304164179104478,4.56,35542.763020833336
2018-05-13,0.3942204545454545,3.36,35549.736979166664
2018-05-14,0.2633831683168317,17.04,35556.7109375
2018-05-15,0.2258022580645161,24.0,35543.94140625
2018-05-16,0.0705550863723608,17.759999999999998,35387.87890625
2018-05-17,0.1517780219780219,17.28,35149.12109375
2018-05-18,0.1197698,16.56,34848.30078125
2018-05-19,0.1977028571428571,4.56,34770.91015625
2018-05-20,0.2365366666666666,3.36,34693.51953125
2018-05-21,0.1610942345924453,18.24,34616.12890625
2018-05-22,0.2279960829493087,18.72,34651.23828125
2018-05-23,0.1143170575692963,17.28,34344.91015625
2018-05-24,0.2228208154506437,17.759999999999998,34663.109375
2018-05-25,0.2326013824884792,17.28,34924.87109375
2018-05-26,0.25375,5.76,35005.07421875
2018-05-27,0.2646867924528301,2.88,35085.27734375
2018-05-28,0.2717200863930885,17.04,35165.48046875
2018-05-29,0.1775891954022988,18.48,34949.23828125
2018-05-30,0.0784298368298368,17.52,34906.109375
2018-05-31,0.2670690021231423,17.52,35322.37890625
2018-06-01,0.214514849187935,21.12,35227.26171875
2018-06-02,0.3845490909090909,5.5,35155.471354166664
2018-06-03,0.2877536231884058,3.96,35083.680989583336
2018-06-04,0.1866309368191721,19.8,35011.890625
2018-06-05,0.1425669438669438,19.58,34903.2109375
2018-06-06,0.2249672527472527,20.02,35178.87890625
2018-06-07,0.3263576446280992,21.56,35463.078125
2018-06-08,0.1811066508313539,20.9,35443.671875
2018-06-09,0.3523033333333333,6.16,35456.9375
2018-06-10,0.2049388059701492,3.3,35470.203125
2018-06-11,0.3046875,19.8,35483.46875
2018-06-12,0.2750496868475991,20.9,35692.51953125
2018-06-13,0.310499128540305,21.34,35739.16015625
2018-06-14,0.1830090733590733,20.9,35599.8203125
2018-06-15,0.1978203023758099,17.82,35622.140625
2018-06-16,0.3464393939393939,5.28,35597.514322916664
2018-06-17,0.2799088235294117,3.3,35572.888020833336
2018-06-18,0.09522109375,19.8,35548.26171875
2018-06-19,0.0360944922547332,18.26,35286.73828125
2018-06-20,0.2236974951830443,18.26,35547.328125
2018-06-21,0.187331974248927,18.26,35432.390625
2018-06-22,0.1871359139784946,18.26,35689.6015625
2018-06-23,0.2186870967741935,4.62,35616.518229166664
2018-06-24,0.2866147540983606,3.3,35543.434895833336
2018-06-25,0.1432542435424354,18.04,35470.3515625
2018-06-26,0.1403634730538922,19.8,35490.0390625
2018-06-27,0.1527587878787878,21.34,35217.109375
2018-06-28,0.0917998095238095,21.34,35037.640625
2018-06-29,0.2960855102040816,22.0,35423.48046875
2018-06-30,0.1776523809523809,6.6,35370.45703125
2018-07-01,0.2154142857142857,3.74,35317.43359375
2018-07-02,0.1473166998011928,16.94,35264.41015625
2018-07-03,0.2408409502262443,17.16,35378.6015625
2018-07-04,0.2546810707456978,16.06,35645.3984375
2018-07-05,0.180360412371134,17.6,35574.55078125
2018-07-06,0.2212521551724137,16.5,35657.859375
2018-07-07,0.4022511111111111,5.06,35750.145833333336
2018-07-08,0.2073145833333333,3.96,35842.432291666664
2018-07-09,0.2802520309477756,17.38,35934.71875
2018-07-10,0.2937156716417911,19.14,36239.62109375
2018-07-11,0.2113200863930885,19.58,36265.9296875
2018-07-12,0.2868554066985646,22.0,36548.41015625
2018-07-13,0.2810065902578796,20.24,36541.62890625
2018-07-14,0.2404219696969697,5.28,36469.009114583336
2018-07-15,0.3793417910447761,3.08,36396.389322916664
2018-07-16,0.1680136801541426,17.38,36323.76953125
2018-07-17,0.1690586666666666,17.6,36519.9609375
2018-07-18,0.2483123003194888,18.04,36373.44140625
2018-07-19,0.2297863523573201,17.38,36351.23046875
2018-07-20,0.2915705583756345,16.94,36496.37109375
2018-07-21,0.3925454545454546,4.62,36570.447916666664
2018-07-22,0.1633654867256637,2.86,36644.524739583336
2018-07-23,0.2772024822695035,16.5,36718.6015625
2018-07-24,0.3132753180661577,17.6,36825.1015625
2018-07-25,0.2646053639846743,18.26,36858.23046875
2018-07-26,0.3263164488017429,20.02,36984.640625
2018-07-27,0.3259174311926605,20.68,37336.8515625
2018-07-28,0.40492,5.06,37389.3671875
2018-07-29,0.320870731707317,3.52,37441.8828125
2018-07-30,0.318210316139767,20.24,37494.3984375
2018-07-31,0.2255275193798449,21.12,37606.578125
2018-08-01,0.2307987315010571,22.62,37521.62109375
2018-08-02,0.14841815008726,23.92,37165.16015625
2018-08-03,0.2867831560283688,23.14,37556.16015625
2018-08-04,0.366785,5.2,37601.403645833336
2018-08-05,0.2915518518518518,3.9,37646.647135416664
2018-08-06,0.3543298816568047,23.66,37691.890625
2018-08-07,0.2785067326732673,22.1,37665.80078125
2018-08-08,0.3097847953216374,21.84,37887.55859375
2018-08-09,0.2696307606263982,23.14,38024.37109375
2018-08-10,0.1927987975951903,24.44,37869.23046875
2018-08-11,0.3694318181818181,5.2,37794.453125
2018-08-12,0.4279133333333333,3.64,37719.67578125
2018-08-13,0.11407009009009,22.36,37644.8984375
2018-08-14,0.2830500967117988,21.58,37852.0
2018-08-15,0.2330257731958762,7.0200000000000005,37757.779296875
2018-08-16,0.1029340425531914,22.62,37663.55859375
2018-08-17,0.33227903930131,22.880000000000003,37947.87890625
2018-08-18,0.2984650793650794,5.98,38058.169270833336
2018-08-19,0.2692661016949152,4.16,38168.459635416664
2018-08-20,0.3747650955414013,24.44,38278.75
2018-08-21,0.3171774319066148,25.48,38285.75
2018-08-22,0.2722046296296296,11.7,38311.255859375
2018-08-23,0.3403653985507246,22.62,38336.76171875
2018-08-24,0.2760322510822511,21.58,38251.80078125
2018-08-25,0.3783418918918919,5.98,38399.236979166664
2018-08-26,0.3804619718309859,3.38,38546.673177083336
2018-08-27,0.3256860158311345,25.48,38694.109375
2018-08-28,0.3110391371340523,26.0,38896.62890625
2018-08-29,0.2464336298932384,25.22,38722.9296875
2018-08-30,0.1850734463276836,24.7,38690.1015625
2018-08-31,0.2088878557874763,22.880000000000003,38645.0703125
2018-09-01,0.289585,5.130000000000001,38534.220052083336
2018-09-02,0.14335,3.24,38423.369791666664
2018-09-03,0.2189642978003383,18.09,38312.51953125
2018-09-04,0.1546910420475319,19.98,38157.921875
2018-09-05,0.1299896475770925,19.71,38018.30859375
2018-09-06,0.244065362035225,19.71,38242.80859375
2018-09-07,0.2478410569105691,19.17,38389.8203125
2018-09-08,0.2959184615384615,4.86,38233.9375
2018-09-09,0.3484028985507246,3.24,38078.0546875
2018-09-10,0.0956471532846715,19.44,37922.171875
2018-09-11,0.1081050761421319,21.87,37413.12890625
2018-09-12,0.2108928166351606,23.49,37717.9609375
2018-09-13,0.2549535087719298,12.15,37904.30078125
2018-09-14,0.3104770676691729,19.44,38090.640625
2018-09-15,0.2452407894736842,5.130000000000001,37922.264322916664
2018-09-16,0.1811723684210526,3.24,37753.888020833336
2018-09-17,0.117475587905935,21.06,37585.51171875
2018-09-18,0.1237826086956521,22.14,37290.671875
2018-09-19,0.2288418556701031,21.6,37121.21875
2018-09-20,0.267512676056338,16.200000000000003,36981.41015625
2018-09-21,0.132107010475423,26.19,36841.6015625
2018-09-22,0.1743912162162162,6.48,36662.740885416664
2018-09-23,0.1329670886075949,3.51,36483.880208333336
2018-09-24,0.1531414333706607,27.0,36305.01953125
2018-09-25,0.1944854383358098,25.92,36652.05859375
2018-09-26,0.2791812382739211,23.22,36542.26953125
2018-09-27,0.2175383701188455,22.950000000000003,36324.171875
2018-09-28,0.2005409090909091,22.68,36227.140625
2018-09-29,0.2728,5.94,36326.807291666664
2018-09-30,0.2269986842105263,3.24,36426.473958333336
2018-10-01,0.2505125984251968,22.8,36526.140625
2018-10-02,0.136030081300813,8.0,36250.884765625
2018-10-03,0.0979713114754098,23.200000000000003,35975.62890625
2018-10-04,0.0811795539033457,39.6,35169.16015625
2018-10-05,0.1270773210489015,40.0,34376.98828125
2018-10-06,0.1204707407407407,10.0,34409.451822916664
2018-10-07,0.1967361904761904,4.800000000000001,34441.915364583336
2018-10-08,0.2202307479224376,37.2,34474.37890625
2018-10-09,0.2491211508553655,36.8,34299.46875
2018-10-10,0.303116935483871,29.6,34760.890625
2018-10-11,0.1060748101265822,39.6,34001.1484375
2018-10-12,0.2825425925925926,34.4,34733.578125
2018-10-13,0.1345881578947368,8.4,34777.419270833336
2018-10-14,0.3054187499999999,4.800000000000001,34821.260416666664
2018-10-15,0.2218985790408525,30.4,34865.1015625
2018-10-16,0.3549970802919708,27.6,35162.48046875
2018-10-17,0.296900347826087,29.200000000000003,34779.578125
2018-10-18,0.2580197916666666,14.0,34547.603515625
2018-10-19,0.1397945488721804,25.6,34315.62890625
2018-10-20,0.1361316455696202,8.0,34255.212239583336
2018-10-21,0.2477142857142857,4.800000000000001,34194.795572916664
2018-10-22,0.2812087286527514,28.0,34134.37890625
2018-10-23,0.1433909090909091,29.6,33847.23046875
2018-10-24,0.2050493177387914,28.0,34033.9609375
2018-10-25,0.1417893481717011,31.6,33690.08984375
2018-10-26,0.2051988764044943,30.4,33349.30859375
2018-10-27,0.3023198275862069,7.6,33588.671875
2018-10-28,0.2675579710144927,5.6000000000000005,33828.03515625
2018-10-29,0.3229264750378214,29.200000000000003,34067.3984375
2018-10-30,0.2034023508137432,30.4,33891.12890625
2018-10-31,0.2705102292768959,28.8,34442.05078125
2018-11-01,0.2947440239043825,26.1,34431.96875
2018-11-02,0.2733010852713178,29.0,35011.6484375
2018-11-03,0.3260910891089109,8.12,34991.40625
2018-11-04,0.3080641509433962,4.06,34971.1640625
2018-11-05,0.137302140077821,24.36,34950.921875
2018-11-06,0.2785781176470588,20.59,34991.91015625
2018-11-07,0.3440661921708184,11.6,35237.6796875
2018-11-08,0.3046263157894737,12.47,35198.115234375
2018-11-09,0.1625778325123152,18.85,35158.55078125
2018-11-10,0.3182902777777777,5.8,35043.36328125
2018-11-11,0.3545979591836734,3.4799999999999995,34928.17578125
2018-11-12,0.2297329067641682,21.46,34812.98828125
2018-11-13,0.248287,22.91,35144.48828125
2018-11-14,0.2784540201005025,21.75,35141.98828125
2018-11-15,0.3654566037735849,21.46,35260.5390625
2018-11-16,0.3277089866156787,21.17,35457.16015625
2018-11-17,0.4051135802469136,5.8,35563.06640625
2018-11-18,0.3675672727272727,3.77,35668.97265625
2018-11-19,0.3095371595330739,21.46,35774.87890625
2018-11-20,0.2028501018329939,21.17,35474.51171875
2018-11-21,0.1519689516129032,20.88,35199.80078125
2018-11-22,0.2279031311154598,21.75,34981.01953125
2018-11-23,0.168780606060606,11.6,35074.2841796875
2018-11-24,0.2520898876404494,5.22,35167.548828125
2018-11-25,0.2633641025641026,3.4799999999999995,35260.8134765625
2018-11-26,0.2851524096385542,19.43,35354.078125
2018-11-27,0.2671102678571428,20.01,35513.140625
2018-11-28,0.30060875,20.3,35716.94921875
2018-11-29,0.2987245874587458,21.46,36170.41015625
2018-11-30,0.370499814126394,21.46,36194.30078125
2018-12-01,0.3818244897959183,4.8,36209.8671875
2018-12-02,0.37806,3.0,36225.43359375
2018-12-03,0.2743480412371133,17.7,36241.0
2018-12-04,0.2126244444444444,17.4,36134.30859375
2018-12-05,0.1756245210727969,17.4,35884.41015625
2018-12-06,0.1251124098124098,18.6,35312.12890625
2018-12-07,0.2579007299270073,18.9,35673.25
2018-12-08,0.3038295454545454,4.8,35435.40625
2018-12-09,0.2847272727272727,3.0,35197.5625
2018-12-10,0.146467409948542,23.1,34959.71875
2018-12-11,0.1458466150870406,30.0,35150.01171875
2018-12-12,0.3094724964739069,22.2,35779.0703125
2018-12-13,0.3258476821192053,22.2,35929.640625
2018-12-14,0.2473037037037037,21.3,35962.9296875
2018-12-15,0.4090861111111111,5.1,36065.309895833336
2018-12-16,0.1918130434782608,3.0,36167.690104166664
2018-12-17,0.3314154723127036,18.6,36270.0703125
2018-12-18,0.3021843790012804,19.8,36347.078125
2018-12-19,0.3538071256038647,18.6,36484.328125
2018-12-20,0.2985807142857142,20.4,36431.671875
2018-12-21,0.2450078973346495,21.6,35742.0703125
2018-12-22,0.4024526315789474,4.8,35651.4296875
2018-12-23,0.4279454819277108,3.3,35560.7890625
2018-12-24,0.2939479804161566,21.0,35470.1484375
2018-12-25,0.3519615571776155,8.1,35560.044921875
2018-12-26,0.2913825027685492,21.3,35649.94140625
2018-12-27,0.352063725490196,18.3,35807.28125
2018-12-28,0.3824627586206897,19.5,36076.71875
2018-12-29,0.1167373737373737,4.8,36073.921875
2018-12-30,0.1206467532467532,3.0,36071.125
2018-12-31,0.3188254448398576,18.3,36068.328125
2019-01-01,0.2628832706766917,24.44,35979.923828125
2019-01-02,0.1970608888888888,26.0,35891.51953125
2019-01-03,0.1739904411764705,24.18,35513.7109375
2019-01-04,0.3193057361376673,24.7,35695.1015625
2019-01-05,0.368219587628866,5.98,35746.787760416664
2019-01-06,0.420264312267658,3.9,35798.473958333336
2019-01-07,0.386381241565452,22.880000000000003,35850.16015625
2019-01-08,0.3147455743879472,21.84,35980.9296875
2019-01-09,0.3345285714285714,22.36,36212.91015625
2019-01-10,0.2735094466936572,20.02,36106.5
2019-01-11,0.2687819256756756,20.8,36009.83984375
2019-01-12,0.2818242857142857,4.94,35957.74609375
2019-01-13,0.3435288888888889,3.12,35905.65234375
2019-01-14,0.1872388581952117,18.98,35853.55859375
2019-01-15,0.2929816981132075,19.76,36318.328125
2019-01-16,0.3317940409683426,21.06,36321.2890625
2019-01-17,0.3369352733686067,21.84,36374.078125
2019-01-18,0.2487976038338658,20.8,36386.609375
2019-01-19,0.3634966666666667,5.46,36450.7265625
2019-01-20,0.4315571428571428,3.64,36514.84375
2019-01-21,0.4196196261682243,22.1,36578.9609375
2019-01-22,0.3024588744588744,21.84,36444.640625
2019-01-23,0.2775768953068592,19.76,36108.46875
2019-01-24,0.3045245454545454,21.84,36195.1015625
2019-01-25,0.3065116322701688,21.58,36025.5390625
2019-01-26,0.32963,5.98,35902.592447916664
2019-01-27,0.3237919999999999,4.42,35779.645833333336
2019-01-28,0.2471595275590551,20.02,35656.69921875
2019-01-29,0.247598985801217,22.1,35592.5
2019-01-30,0.3383947895791583,21.06,35591.25
2019-01-31,0.3205421630094043,23.14,36256.69140625
2019-02-01,0.3108181721572794,33.0,36469.4296875
2019-02-02,0.39778875,8.25,36507.19921875
2019-02-03,0.3898339285714285,5.94,36544.96875
2019-02-04,0.277391280148423,22.77,36582.73828125
2019-02-05,0.3312753191489361,21.12,36616.80859375
2019-02-06,0.3600358778625954,21.45,36975.23046875
2019-02-07,0.2818587209302325,23.1,36971.08984375
2019-02-08,0.1897426195426195,21.45,36546.48046875
2019-02-09,0.3152059523809524,7.590000000000001,36495.997395833336
2019-02-10,0.3861599999999999,5.61,36445.514322916664
2019-02-11,0.2063849173553719,19.47,36395.03125
2019-02-12,0.2637932631578947,20.790000000000003,36153.62109375
2019-02-13,0.2959267961165048,21.78,36014.919921875
2019-02-14,0.2496409978308026,20.790000000000003,35876.21875
2019-02-15,0.1692358974358974,22.11,35808.94921875
2019-02-16,0.1117191780821917,7.590000000000001,35705.446614583336
2019-02-17,0.2469098039215686,5.61,35601.944010416664
2019-02-18,0.2206746741154562,21.12,35498.44140625
2019-02-19,0.2050862068965517,19.14,35352.609375
2019-02-20,0.2644817658349328,21.45,35756.26171875
2019-02-21,0.3393238683127572,20.46,35898.3515625
2019-02-22,0.278576,19.14,35871.48046875
2019-02-23,0.4074284090909091,6.2700000000000005,35985.446614583336
2019-02-24,0.2395137931034482,4.95,36099.412760416664
2019-02-25,0.3542676300578035,18.81,36213.37890625
2019-02-26,0.1010230889235569,23.76,35973.7109375
2019-02-27,0.1369804281345565,27.06,35905.4296875
2019-02-28,0.2409972972972972,21.45,35867.44140625
2019-03-01,0.3361593478260869,22.94,36063.80859375
2019-03-02,0.3741160919540229,8.37,36158.4912109375
2019-03-03,0.3689794871794872,5.58,36253.173828125
2019-03-04,0.2091780219780219,13.02,36347.8564453125
2019-03-05,0.2478445360824742,23.87,36442.5390625
2019-03-06,0.3404739224137931,24.49,36636.1015625
2019-03-07,0.3802308026030368,24.8,36725.421875
2019-03-08,0.1825393048128342,24.18,36671.4296875
2019-03-09,0.4315169491525423,7.75,36798.986979166664
2019-03-10,0.2348127272727272,5.89,36926.544270833336
2019-03-11,0.3177258785942492,25.42,37054.1015625
2019-03-12,0.3491439490445859,28.52,37535.66015625
2019-03-13,0.2996322519083969,28.83,37752.171875
2019-03-14,0.3205160465116279,28.83,37754.890625
2019-03-15,0.3528472834067547,29.76,38024.3203125
2019-03-16,0.3730051724137931,8.68,38047.903645833336
2019-03-17,0.4092921052631578,5.89,38071.486979166664
2019-03-18,0.3622537848605578,28.83,38095.0703125
2019-03-19,0.3355497890295358,27.59,38363.46875
2019-03-20,0.3044097065462753,27.28,38386.75
2019-03-21,0.2593881578947368,11.16,38275.6796875
2019-03-22,0.4107144254278729,25.73,38164.609375
2019-03-23,0.4153242857142857,7.75,38046.04296875
2019-03-24,0.3797239130434783,5.27,37927.4765625
2019-03-25,0.0997161702127659,27.59,37808.91015625
2019-03-26,0.3698314136125654,26.66,38233.41015625
2019-03-27,0.2810730696798493,27.59,38132.87890625
2019-03-28,0.3539619047619047,27.9,38545.71875
2019-03-29,0.38455483234714,31.0,38627.2568359375
2019-03-30,0.3302450819672131,8.37,38708.794921875
2019-03-31,0.3697279411764706,4.96,38790.3330078125
2019-04-01,0.2199710063335679,28.42,38871.87109375
2019-04-02,0.2724520420070012,29.0,39056.6484375
2019-04-03,0.3058522111269615,26.97,38877.12109375
2019-04-04,0.2321990196078431,26.68,38684.71875
2019-04-05,0.3375515283842795,24.94,38862.23046875
2019-04-06,0.38945625,5.8,38808.330729166664
2019-04-07,0.3472318181818182,3.4799999999999995,38754.430989583336
2019-04-08,0.2481501712328767,23.2,38700.53125
2019-04-09,0.3030578732106339,22.62,38939.21875
2019-04-10,0.2039142292490118,22.33,38585.3515625
2019-04-11,0.2537002444987775,22.33,38607.01171875
2019-04-12,0.3135717391304348,22.91,38767.109375
2019-04-13,0.3844610169491525,6.09,38813.352864583336
2019-04-14,0.2225365384615384,3.77,38859.596354166664
2019-04-15,0.3498060851926977,19.72,38905.83984375
2019-04-16,0.3812549141965679,24.36,39275.640625
2019-04-17,0.3152648275862069,14.499999999999998,39207.9609375
2019-04-18,0.3069081018518518,23.49,39140.28125
2019-04-19,0.1842325581395349,10.73,39016.505859375
2019-04-20,0.2577532786885246,4.64,38892.73046875
2019-04-21,0.265664,2.61,38768.955078125
2019-04-22,0.1562558028616852,22.91,38645.1796875
2019-04-23,0.2173857731958762,21.17,38564.87890625
2019-04-24,0.3081641129032258,21.46,39054.6796875
2019-04-25,0.2478937238493724,21.17,38730.859375
2019-04-26,0.323715317286652,21.46,39067.328125
2019-04-27,0.3625581081081081,4.06,39058.3837890625
2019-04-28,0.2677173333333333,2.32,39049.439453125
2019-04-29,0.2379638888888889,13.05,39040.4951171875
2019-04-30,0.266252619047619,20.88,39031.55078125
2019-05-01,0.3440868421052632,5.04,39006.490234375
2019-05-02,0.1812873449131513,9.0,38981.4296875
2019-05-03,0.2169863184079602,8.64,38963.26171875
2019-05-04,0.3953121212121211,1.44,38842.287760416664
2019-05-05,0.2756462686567164,1.08,38721.313802083336
2019-05-06,0.1145677484787018,9.0,38600.33984375
2019-05-07,0.2100551020408163,8.64,38276.62890625
2019-05-08,0.0790201451905626,9.72,37789.12890625
2019-05-09,0.0820711320754717,10.44,37558.91015625
2019-05-10,0.2612543123543123,10.8,37462.98828125
2019-05-11,0.3534460674157303,2.16,37338.932291666664
2019-05-12,0.2332184210526316,1.08,37214.876302083336
2019-05-13,0.1561231053604436,10.44,37090.8203125
2019-05-14,0.098700206185567,10.8,37318.53125
2019-05-15,0.2923694143167028,10.44,37114.87890625
2019-05-16,0.3027090543259557,9.72,37393.48046875
2019-05-17,0.3300713550600343,10.44,37930.76953125
2019-05-18,0.3845113475177305,2.52,38404.736979166664
2019-05-19,0.2299925925925926,1.44,38878.704427083336
2019-05-20,0.3198412865497075,20.52,39352.671875
2019-05-21,0.3062763900769888,18.0,38969.80078125
2019-05-22,0.3152161971830985,13.32,39110.2109375
2019-05-23,0.2665944039735099,36.0,38811.390625
2019-05-24,0.3404539969834088,16.919999999999998,39434.71875
2019-05-25,0.3156880239520958,3.6,39517.575520833336
2019-05-26,0.4211336956521739,1.7999999999999998,39600.432291666664
2019-05-27,0.3430489285714285,14.4,39683.2890625
2019-05-28,0.3281556989247312,13.68,39749.73046875
2019-05-29,0.1418546370967741,13.32,39502.05078125
2019-05-30,0.3263658385093168,13.68,39831.96875
2019-05-31,0.2705862258953168,15.48,39714.19921875
2019-06-01,0.3968887755102041,5.6000000000000005,39898.673177083336
2019-06-02,0.3168698113207547,2.8000000000000003,40083.147135416664
2019-06-03,0.307714,28.000000000000004,40267.62109375
2019-06-04,0.2725185682326622,27.44,40083.5390625
2019-06-05,0.2408759615384615,10.64,39806.62890625
2019-06-06,0.158304854368932,26.880000000000003,39529.71875
2019-06-07,0.2386487528344671,26.880000000000003,39615.8984375
2019-06-08,0.4258671052631579,4.48,39672.10546875
2019-06-09,0.2410775,2.24,39728.3125
2019-06-10,0.3575123762376238,24.64,39784.51953125
2019-06-11,0.3712724747474747,22.4,39950.4609375
2019-06-12,0.2099581560283688,20.72,39756.80859375
2019-06-13,0.2563753521126761,21.840000000000003,39741.359375
2019-06-14,0.1590145278450363,20.72,39452.0703125
2019-06-15,0.2371753846153846,4.2,39288.309895833336
2019-06-16,0.2268454545454545,1.96,39124.549479166664
2019-06-17,0.1487679012345679,22.96,38960.7890625
2019-06-18,0.25295,22.680000000000003,39046.33984375
2019-06-19,0.3341915294117646,21.000000000000004,39112.73828125
2019-06-20,0.2626033407572383,22.680000000000003,39601.62890625
2019-06-21,0.2126719178082191,21.56,39194.48828125
2019-06-22,0.3274515151515151,4.2,39170.645833333336
2019-06-23,0.333426923076923,2.5200000000000005,39146.803385416664
2019-06-24,0.2079387862796834,21.840000000000003,39122.9609375
2019-06-25,0.2524814285714286,21.000000000000004,39434.94140625
2019-06-26,0.3028060759493671,19.880000000000003,39592.078125
2019-06-27,0.2855352435530086,21.28,39586.41015625
2019-06-28,0.269544708994709,21.000000000000004,39394.640625
2019-06-29,0.4682567901234568,3.640000000000001,39491.927083333336
2019-06-30,0.3999842105263158,1.96,39589.213541666664
2019-07-01,0.3121491484184914,18.6,39686.5
2019-07-02,0.3336109302325581,19.22,39816.48046875
2019-07-03,0.3844055427251732,19.53,39839.25
2019-07-04,0.3199989417989418,20.15,39908.05859375
2019-07-05,0.1874645928636779,30.38,39513.390625
2019-07-06,0.2097818181818181,5.27,39249.1171875
2019-07-07,0.2088133333333333,2.17,38984.84375
2019-07-08,0.1506066371681415,31.0,38720.5703125
2019-07-09,0.1416777777777777,28.52,38730.8203125
2019-07-10,0.1314278037383177,22.32,38557.0390625
2019-07-11,0.2452786570743405,22.32,38823.109375
2019-07-12,0.1922327027027026,21.39,38736.23046875
2019-07-13,0.3803643835616438,4.03,38789.723958333336
2019-07-14,0.2382151515151515,2.48,38843.217447916664
2019-07-15,0.2848964864864864,21.7,38896.7109375
2019-07-16,0.3143384823848238,21.08,39131.0390625
2019-07-17,0.3085504201680672,20.77,39215.640625
2019-07-18,0.2127832116788321,21.08,38897.4609375
2019-07-19,0.2063933333333333,23.56,38337.01171875
2019-07-20,0.2103201342281879,4.65,38235.05078125
2019-07-21,0.1945986111111111,2.48,38133.08984375
2019-07-22,0.1695953565505804,26.35,38031.12890625
2019-07-23,0.1738214428857715,25.42,37982.73828125
2019-07-24,0.2303195519348269,24.49,37847.6484375
2019-07-25,0.2629555309734513,23.56,37830.98046875
2019-07-26,0.2499688679245283,23.87,37882.7890625
2019-07-27,0.2997267605633802,4.03,37817.31640625
2019-07-28,0.1556088888888888,2.17,37751.84375
2019-07-29,0.1637934684684684,23.56,37686.37109375
2019-07-30,0.2331195121951219,24.49,37397.23828125
2019-07-31,0.2058477987421383,25.11,37481.12109375
2019-08-01,0.1476625254582484,25.92,37018.3203125
2019-08-02,0.1657757425742574,29.16,37118.21875
2019-08-03,0.1803006369426751,5.4,36978.759114583336
2019-08-04,0.2455505263157895,2.52,36839.299479166664
2019-08-05,0.1065166809238665,36.0,36699.83984375
2019-08-06,0.2297097520661157,29.88,36976.8515625
2019-08-07,0.2223936046511627,27.36,36690.5
2019-08-08,0.2769124324324324,27.0,37327.359375
2019-08-09,0.3443009049773756,26.64,37581.91015625
2019-08-10,0.2968025974025974,4.68,37425.97265625
2019-08-11,0.3079291666666666,2.52,37270.03515625
2019-08-12,0.2937115789473684,11.16,37114.09765625
2019-08-13,0.1861993911719939,26.64,36958.16015625
2019-08-14,0.2943711899791232,25.56,37311.53125
2019-08-15,0.1962788888888888,5.04,37330.9296875
2019-08-16,0.1979664251207729,28.08,37350.328125
2019-08-17,0.2383328125,5.4,37367.71484375
2019-08-18,0.2593242424242424,2.16,37385.1015625
2019-08-19,0.3214857768052516,25.2,37402.48828125
2019-08-20,0.2737983333333333,22.32,37328.01171875
2019-08-21,0.2147642058165548,23.76,37060.37109375
2019-08-22,0.2245089552238806,25.56,36472.9296875
2019-08-23,0.2093288109756097,26.28,36701.16015625
2019-08-24,0.2485339805825242,5.04,36965.48046875
2019-08-25,0.3112891304347826,2.88,37229.80078125
2019-08-26,0.2951197674418604,31.32,37494.12109375
2019-08-27,0.3184516326530612,30.24,37641.26953125
2019-08-28,0.1961339667458432,27.0,37451.83984375
2019-08-29,0.2264328971962616,25.56,37068.9296875
2019-08-30,0.2944731092436974,25.56,37332.7890625
2019-08-31,0.2824057851239669,5.04,37140.3193359375
2019-09-01,0.2233626506024096,2.0,36947.849609375
2019-09-02,0.1797358620689655,8.4,36755.3798828125
2019-09-03,0.0663948822927328,20.4,36562.91015625
2019-09-04,0.1572324175824175,20.8,36724.73828125
2019-09-05,0.2648531914893617,16.8,36644.421875
2019-09-06,0.2745754424778761,17.6,36981.76953125
2019-09-07,0.206116129032258,3.6,37036.329427083336
2019-09-08,0.1581030769230769,2.0,37090.889322916664
2019-09-09,0.2651664459161148,17.6,37145.44921875
2019-09-10,0.1697946902654867,8.4,37208.134765625
2019-09-11,0.2895147058823529,16.400000000000002,37270.8203125
2019-09-12,0.2383197115384615,16.400000000000002,37104.28125
2019-09-13,0.3341134366925064,16.8,37384.98828125
2019-09-14,0.3905494252873563,2.8000000000000003,37297.76171875
2019-09-15,0.3088571428571428,1.6,37210.53515625
2019-09-16,0.1219917171717171,16.8,37123.30859375
2019-09-17,0.1067563934426229,20.0,36481.08984375
2019-09-18,0.236537181663837,17.6,36563.87890625
2019-09-19,0.2097411111111111,20.4,36093.46875
2019-09-20,0.2333602270857331,40.0,38014.62109375
2019-09-21,0.2673068661971831,7.6,38373.091145833336
2019-09-22,0.2638731707317073,2.8000000000000003,38731.561197916664
2019-09-23,0.3042528122717312,30.8,39090.03125
2019-09-24,0.3551621951219512,26.8,39097.140625
2019-09-25,0.2053987106017192,24.8,38593.51953125
2019-09-26,0.3098128458498023,25.200000000000003,38989.73828125
2019-09-27,0.2419457471264367,22.8,38822.5703125
2019-09-28,0.3403807228915663,4.0,38770.822916666664
2019-09-29,0.3011013888888889,2.0,38719.075520833336
2019-09-30,0.2500515267175572,20.0,38667.328125
2019-10-01,0.2286755255255255,30.24,38305.41015625
2019-10-02,0.2462516666666666,7.92,38206.140625
2019-10-03,0.1910351966873706,28.8,38106.87109375
2019-10-04,0.2015584,31.32,37673.30859375
2019-10-05,0.1955759615384615,6.48,37626.19921875
2019-10-06,0.253535,3.24,37579.08984375
2019-10-07,0.2118648822269807,24.48,37531.98046875
2019-10-08,0.2298973214285714,8.28,37854.96484375
2019-10-09,0.2685226860254083,28.44,38177.94921875
2019-10-10,0.2455196617336152,28.44,37880.3984375
2019-10-11,0.3296485106382978,29.16,38127.078125
2019-10-12,0.3973029702970297,5.04,38156.208333333336
2019-10-13,0.31595125,2.88,38185.338541666664
2019-10-14,0.3674827133479212,27.36,38214.46875
2019-10-15,0.3747061810154525,26.64,38506.08984375
2019-10-16,0.3716133192389006,27.0,38598.98828125
2019-10-17,0.3720512867647059,26.64,39052.05859375
2019-10-18,0.3737265469061876,30.6,39298.37890625
2019-10-19,0.400859574468085,5.76,39214.744140625
2019-10-20,0.4033387096774193,2.88,39131.109375
2019-10-21,0.3962468354430379,16.56,39047.474609375
2019-10-22,0.2570971544715447,27.36,38963.83984375
2019-10-23,0.2710439320388349,26.28,39058.828125
2019-10-24,0.2635479166666666,24.84,39020.390625
2019-10-25,0.2929455497382199,25.92,39058.05859375
2019-10-26,0.5370159663865546,5.4,39251.50390625
2019-10-27,0.468859365079365,7.56,39444.94921875
2019-10-28,0.3203515151515151,11.88,39638.39453125
2019-10-29,0.296810592459605,25.92,39831.83984375
2019-10-30,0.3111547079856973,36.0,40051.87109375
2019-10-31,0.2527980086580086,33.84,40129.05078125
2019-11-01,0.2890810064935065,34.0,40165.03125
2019-11-02,0.2753248,6.12,40210.674479166664
2019-11-03,0.3787205128205128,2.72,40256.317708333336
2019-11-04,0.323996159122085,29.24,40301.9609375
2019-11-05,0.3260248046875,33.32,40248.23046875
2019-11-06,0.2753484992101106,26.860000000000003,40469.78125
2019-11-07,0.3278901430842607,29.58,40653.73828125
2019-11-08,0.1395663636363636,29.24,40323.609375
2019-11-09,0.2861192307692307,5.1000000000000005,40330.765625
2019-11-10,0.289111320754717,2.3800000000000003,40337.921875
2019-11-11,0.2824333333333333,26.860000000000003,40345.078125
2019-11-12,0.2866324561403509,13.260000000000002,40230.568359375
2019-11-13,0.2083912472647702,25.16,40116.05859375
2019-11-14,0.2156545751633987,23.8,40286.48046875
2019-11-15,0.3004040772532189,25.16,40356.69140625
2019-11-16,0.2541315789473684,4.42,40332.524739583336
2019-11-17,0.1543465648854962,2.3800000000000003,40308.358072916664
2019-11-18,0.2978894736842105,23.8,40284.19140625
2019-11-19,0.3489081466395112,23.46,40469.69921875
2019-11-20,0.2377929133858267,25.500000000000004,40651.640625
2019-11-21,0.287176923076923,24.48,40575.171875
2019-11-22,0.2902526217228464,23.12,40359.41015625
2019-11-23,0.3200163934426229,4.42,40536.016927083336
2019-11-24,0.2937897058823529,2.3800000000000003,40712.623697916664
2019-11-25,0.3214687654320988,26.520000000000003,40889.23046875
2019-11-26,0.3099285343709468,28.9,40821.30078125
2019-11-27,0.3315658227848101,25.500000000000004,41020.609375
2019-11-28,0.3346812312312312,27.540000000000003,41130.171875
2019-11-29,0.2793254491017964,26.860000000000003,40793.80859375
2019-11-30,0.2729574468085106,4.760000000000001,40796.596354166664
2019-12-01,0.2880860869565217,2.5200000000000005,40799.384114583336
2019-12-02,0.2975051039697542,27.160000000000004,40802.171875
2019-12-03,0.2681707272727273,26.880000000000003,40675.44921875
2019-12-04,0.3215187165775401,26.320000000000004,40850.2890625
2019-12-05,0.3166920689655172,26.880000000000003,40779.58984375
2019-12-06,0.3282675427069645,25.76,40445.1484375
2019-12-07,0.3197758928571428,5.6000000000000005,40459.2421875
2019-12-08,0.2366704081632653,2.24,40473.3359375
2019-12-09,0.2898148225469729,26.6,40487.4296875
2019-12-10,0.2673113461538461,23.8,40239.87890625
2019-12-11,0.3545352818371607,25.480000000000004,40412.5703125
2019-12-12,0.3703825327510917,23.8,40581.7109375
2019-12-13,0.346099635701275,28.000000000000004,41009.7109375
2019-12-14,0.331680303030303,4.760000000000001,40986.046875
2019-12-15,0.2849314285714285,2.5200000000000005,40962.3828125
2019-12-16,0.2636489547038327,27.160000000000004,40938.71875
2019-12-17,0.3266039711191335,26.040000000000003,41352.171875
2019-12-18,0.3459160572337043,26.6,41558.5703125
2019-12-19,0.3035137123745819,26.6,41673.921875
2019-12-20,0.3085418874172185,24.64,41681.5390625
2019-12-21,0.2867748148148148,5.040000000000001,41668.579427083336
2019-12-22,0.2759702127659574,2.5200000000000005,41655.619791666664
2019-12-23,0.2583678571428571,26.880000000000003,41642.66015625
2019-12-24,0.2570639308855291,26.040000000000003,41461.26171875
2019-12-25,0.28103,9.52,41312.51171875
2019-12-26,0.2484233463035019,25.200000000000003,41163.76171875
2019-12-27,0.2922630111524164,23.8,41575.140625
2019-12-28,0.3519421428571428,4.760000000000001,41569.427083333336
2019-12-29,0.299522,2.8000000000000003,41563.713541666664
2019-12-30,0.2906038934426229,24.92,41558.0
2019-12-31,0.2566397058823529,24.92,41253.73828125
2020-01-01,0.3866771869639794,21.35,41440.189453125
2020-01-02,0.366890395480226,24.85,41626.640625
2020-01-03,0.2097523232323232,24.15,41464.609375
2020-01-04,0.2717920353982301,4.55,41201.94921875
2020-01-05,0.271495061728395,2.1,40939.2890625
2020-01-06,0.1033524886877828,35.0,40676.62890625
2020-01-07,0.2905663732394366,31.5,40869.46875
2020-01-08,0.1433040492957746,29.05,40817.73828125
2020-01-09,0.3423937791601866,27.65,41452.3515625
2020-01-10,0.3245976377952756,28.0,41599.71875
2020-01-11,0.3700211764705882,3.85,41686.376302083336
2020-01-12,0.4097016666666667,2.45,41773.033854166664
2020-01-13,0.3612844327176781,24.15,41859.69140625
2020-01-14,0.3211831809872029,23.45,41952.62890625
2020-01-15,0.2312422222222222,24.5,41872.73046875
2020-01-16,0.302538255033557,26.6,41932.55859375
2020-01-17,0.3198513238289205,25.55,41945.37109375
2020-01-18,0.2731304,4.9,41806.55078125
2020-01-19,0.3556037037037037,2.1,41667.73046875
2020-01-20,0.2927542242703533,27.3,41528.91015625
2020-01-21,0.2159512589928057,25.2,41323.80859375
2020-01-22,0.2953698717948718,24.5,41115.37890625
2020-01-23,0.3676866019417475,24.5,41386.3984375
2020-01-24,0.2930347193347193,24.15,41613.19140625
2020-01-25,0.3148096774193548,4.199999999999999,41460.501302083336
2020-01-26,0.4312348314606741,2.45,41307.811197916664
2020-01-27,0.2289780864197531,25.55,41155.12109375
2020-01-28,0.2403566037735849,26.95,40966.859375
2020-01-29,0.3401418803418803,23.8,41198.66015625
2020-01-30,0.2246234797297297,23.45,40913.8203125
2020-01-31,0.2861554702495201,24.5,40723.48828125
2020-02-01,0.1564606908462867,36.8,40439.76171875
2020-02-02,0.1574546419098143,5.2,40156.03515625
2020-02-03,0.2571305898491083,30.8,39872.30859375
2020-02-04,0.2516906481481481,28.0,40789.37890625
2020-02-05,0.378378765060241,26.4,41142.66015625
2020-02-06,0.3350996969696969,24.4,41306.03125
2020-02-07,0.3038022058823529,22.8,41141.8515625
2020-02-08,0.346765,4.4,41087.774739583336
2020-02-09,0.33286,2.4000000000000004,41033.697916666664
2020-02-10,0.1982953358208955,22.0,40979.62109375
2020-02-11,0.2980067656765676,22.4,41216.140625
2020-02-12,0.2937716911764706,21.6,41565.8984375
2020-02-13,0.2471700205338809,22.0,41459.7890625
2020-02-14,0.321735347985348,21.6,41257.73828125
2020-02-15,0.4415838383838383,4.4,41190.389322916664
2020-02-16,0.3319236363636363,2.0,41123.040364583336
2020-02-17,0.2435151578947368,21.6,41055.69140625
2020-02-18,0.1852673394495412,20.4,40894.37890625
2020-02-19,0.3296681818181818,20.0,41323.0
2020-02-20,0.2862777327935222,21.200000000000003,41170.12109375
2020-02-21,0.2505551724137931,10.4,40968.3984375
2020-02-22,0.3309405797101449,3.6,40766.67578125
2020-02-23,0.3812031746031746,2.0,40564.953125
2020-02-24,0.1818944711538461,24.8,40363.23046875
2020-02-25,0.2841116858237548,24.4,40281.19921875
2020-02-26,0.2049198518518518,22.8,39888.9609375
2020-02-27,0.2770768718801997,23.6,39745.66015625
2020-02-28,0.150086379569354,40.0,38297.2890625
2020-02-29,0.0938271903323262,7.6,38246.19921875
2020-03-01,0.2874801369863013,3.0,38195.109375
2020-03-02,0.2713805793991416,29.0,38144.01953125
2020-03-03,0.3071111389236545,28.0,38623.69921875
2020-03-04,0.2099191460055096,26.0,38409.48046875
2020-03-05,0.3264030351437699,25.0,38470.609375
2020-03-06,0.2167875430144528,35.0,37576.62109375
2020-03-07,0.2526264705882353,6.0,36929.397135416664
2020-03-08,0.3164446280991735,3.0,36282.173177083336
2020-03-09,0.0662373019683149,54.0,35634.94921875
2020-03-10,0.1061486666666666,15.0,35666.173828125
2020-03-11,0.2656801566579634,43.0,35697.3984375
2020-03-12,0.124664675767918,74.0,32778.140625
2020-03-13,0.1437589622641509,100.0,34103.48046875
2020-03-14,0.161976731301939,13.0,33199.010416666664
2020-03-15,0.1638154639175257,5.0,32294.540364583332
2020-03-16,0.1790092233009708,71.0,31390.0703125
2020-03-17,0.258233531409168,70.0,30579.08984375
2020-03-18,0.2040048861743476,75.0,28869.509765625
2020-03-19,0.1995298776561493,79.0,28288.23046875
2020-03-20,0.2805620292887029,66.0,29915.9609375
2020-03-21,0.2517747747747748,12.0,28604.387369791668
2020-03-22,0.2014682119205298,5.0,27292.813802083332
2020-03-23,0.0778671848597499,77.0,25981.240234375
2020-03-24,0.2554539389067524,67.0,26674.029296875
2020-03-25,0.3324584299732381,56.0,28535.779296875
2020-03-26,0.3681869167429094,56.0,29946.76953125
2020-03-27,0.2368796890184645,55.0,29815.58984375
2020-03-28,0.2149281355932203,13.0,29357.166666666668
2020-03-29,0.1288012738853503,6.0,28898.743489583332
2020-03-30,0.2237630336058129,48.0,28440.3203125
2020-03-31,0.280549025974026,44.0,29468.490234375
2020-04-01,0.2216226152197213,63.36,28265.310546875
2020-04-02,0.3258431578947368,35.64,27928.1298828125
2020-04-03,0.2672679028132992,62.040000000000006,27590.94921875
2020-04-04,0.3016883870967742,15.84,28210.0146484375
2020-04-05,0.2791931216931216,7.260000000000001,28829.080078125
2020-04-06,0.3256645283018868,34.32,29448.1455078125
2020-04-07,0.3579779836916234,61.38,30067.2109375
2020-04-08,0.2288655650319829,66.0,29893.9609375
2020-04-09,0.3607525515743757,62.7,31159.619140625
2020-04-10,0.3323049618320611,29.040000000000003,31042.21923828125
2020-04-11,0.2415074074074074,9.9,30924.8193359375
2020-04-12,0.3120846153846154,5.94,30807.41943359375
2020-04-13,0.2529836622807017,61.38,30690.01953125
2020-04-14,0.2212113636363636,27.72,30534.9150390625
2020-04-15,0.3063728960396039,52.14,30379.810546875
2020-04-16,0.3178717049576783,50.82,30602.609375
2020-04-17,0.3687023454157783,56.760000000000005,31588.720703125
2020-04-18,0.3844522222222222,11.88,31608.48046875
2020-04-19,0.3078167664670658,5.94,31628.240234375
2020-04-20,0.3384904420549582,49.5,31648.0
2020-04-21,0.1399976963350785,55.440000000000005,30636.7109375
2020-04-22,0.3069285883748517,52.8,31379.55078125
2020-04-23,0.403244019138756,44.22,31863.080078125
2020-04-24,0.2143317132442284,47.52,31327.220703125
2020-04-25,0.2616247524752475,8.58,31465.840494791668
2020-04-26,0.2436372093023255,5.28,31604.460286458332
2020-04-27,0.3317369261477045,43.56,31743.080078125
2020-04-28,0.3651783874580067,42.24,32114.51953125
2020-04-29,0.3425944444444444,40.92,32720.16015625
2020-04-30,0.3808332335329341,49.5,33717.62109375
2020-05-01,0.3793030927835051,22.790000000000003,33217.05322265625
2020-05-02,0.4060723300970874,7.42,32716.4853515625
2020-05-03,0.3894578378378378,4.7700000000000005,32215.91748046875
2020-05-04,0.2168124903025601,53.0,31715.349609375
2020-05-05,0.303417628541448,46.11,31453.509765625
2020-05-06,0.327490951276102,44.52,31685.75
2020-05-07,0.2606604486422668,40.28,31443.380859375
2020-05-08,0.3535098159509202,38.16,31642.69921875
2020-05-09,0.3863280851063829,7.95,31615.539713541668
2020-05-10,0.4059682291666667,4.24,31588.380208333332
2020-05-11,0.3346070297029703,36.04,31561.220703125
2020-05-12,0.2642795644891122,38.690000000000005,31371.119140625
2020-05-13,0.3358731152204836,49.29,32008.609375
2020-05-14,0.2549574844995571,42.400000000000006,31122.890625
2020-05-15,0.2527041202672606,39.22,31097.73046875
2020-05-16,0.3802103773584906,7.42,30741.48046875
2020-05-17,0.3269862559241706,4.24,30385.23046875
2020-05-18,0.2153946992257296,41.870000000000005,30028.98046875
2020-05-19,0.3501744847890088,39.75,30196.169921875
2020-05-20,0.3780143302180686,36.57,30818.609375
2020-05-21,0.3874586206896551,36.04,30932.900390625
2020-05-22,0.2416572082379862,34.980000000000004,30672.58984375
2020-05-23,0.3689047826086956,6.890000000000001,30656.767578125
2020-05-24,0.3840422077922077,4.24,30640.9453125
2020-05-25,0.328566129032258,15.37,30625.123046875
2020-05-26,0.346175127420999,34.45,30609.30078125
2020-05-27,0.392530127576055,33.92,31605.220703125
2020-05-28,0.4012374353671148,38.690000000000005,32200.58984375
2020-05-29,0.3238740698985344,36.04,32424.099609375
2020-05-30,0.4151986842105263,7.42,32717.239583333332
2020-05-31,0.3972138888888889,4.24,33010.379557291664
2020-06-01,0.3842929902395741,51.92,33303.51953125
2020-06-02,0.3683780303030303,51.33,33825.53125
2020-06-03,0.383687486631016,47.2,34109.5390625
2020-06-04,0.3692917475728155,49.56,33980.69921875
2020-06-05,0.3694971646673936,48.97,34287.23828125
2020-06-06,0.3679372197309417,10.03,34315.018229166664
2020-06-07,0.3433915555555555,5.9,34342.798177083336
2020-06-08,0.3983634268537074,48.38,34370.578125
2020-06-09,0.3604072597137014,52.51,33956.69140625
2020-06-10,0.3827471111111111,50.74,34247.05078125
2020-06-11,0.2464806673209028,50.15,33538.37109375
2020-06-12,0.2933388451443569,59.0,33780.890625
2020-06-13,0.3618041666666666,10.03,33596.860677083336
2020-06-14,0.3799867021276595,5.9,33412.830729166664
2020-06-15,0.2260125124131082,57.23,33228.80078125
2020-06-16,0.2995673824130879,50.74,33605.21875
2020-06-17,0.2965522700814901,50.74,33507.921875
2020-06-18,0.3454354802259887,48.38,34208.05078125
2020-06-19,0.4129398419864559,49.56,34731.73046875
2020-06-20,0.4831890476190476,10.62,34791.59375
2020-06-21,0.4131646766169154,5.9,34851.45703125
2020-06-22,0.3616603563474387,48.38,34911.3203125
2020-06-23,0.4093252525252525,51.33,35430.4296875
2020-06-24,0.3724389321468298,56.05,34868.98046875
2020-06-25,0.3248786683107275,55.46,34842.1015625
2020-06-26,0.3949334975369458,54.28,35171.26953125
2020-06-27,0.4344262745098039,9.44,35101.352864583336
2020-06-28,0.4559272727272727,5.31,35031.436197916664
2020-06-29,0.2707868298368298,47.79,34961.51953125
2020-06-30,0.3515790488431877,47.2,34915.80078125
2020-07-01,0.382196577946768,52.2,35414.44921875
2020-07-02,0.4294461001164144,53.94,35843.69921875
2020-07-03,0.3970659952606635,57.99999999999999,36021.421875
2020-07-04,0.4465925311203319,12.18,36176.708333333336
2020-07-05,0.4568587209302325,6.38,36331.994791666664
2020-07-06,0.3912545361875637,52.2,36487.28125
2020-07-07,0.3028642303433001,55.1,36674.51953125
2020-07-08,0.3804592315901814,54.52,36329.01171875
2020-07-09,0.3716948913043478,53.36,36737.69140625
2020-07-10,0.3029390184049079,55.67999999999999,36594.328125
2020-07-11,0.3764461818181818,10.44,36627.44921875
2020-07-12,0.3406780952380952,6.38,36660.5703125
2020-07-13,0.3989971061093247,54.52,36693.69140625
2020-07-14,0.2570732193732193,50.46,36033.05859375
2020-07-15,0.3691022380467955,46.98,36051.80859375
2020-07-16,0.3531398787878788,56.84,36471.6796875
2020-07-17,0.4059288228822882,54.52,37020.140625
2020-07-18,0.456365690376569,11.02,37153.08984375
2020-07-19,0.377174358974359,6.38,37286.0390625
2020-07-20,0.4383177267987487,54.52,37418.98828125
2020-07-21,0.437139489194499,55.67999999999999,37930.328125
2020-07-22,0.3821311602209945,53.94,37871.51953125
2020-07-23,0.395102847754655,53.36,38140.46875
2020-07-24,0.3249926282051282,57.99999999999999,38128.8984375
2020-07-25,0.41473875,11.02,38064.17578125
2020-07-26,0.3671442804428044,6.38,37999.453125
2020-07-27,0.3232523751522533,51.04,37934.73046875
2020-07-28,0.389623976023976,56.26,38492.94921875
2020-07-29,0.3035278008298755,52.78,38071.12890625
2020-07-30,0.3389784292035398,50.46,37736.0703125
2020-07-31,0.2778963917525773,52.2,37606.890625
2020-08-01,0.3301638888888888,7.84,37384.4609375
2020-08-02,0.3300909722222222,3.92,37162.03125
2020-08-03,0.2602571770334928,35.77,36939.6015625
2020-08-04,0.403028762541806,41.16,37687.91015625
2020-08-05,0.3805782456140351,39.69,37663.328125
2020-08-06,0.4206006984866123,39.2,38025.44921875
2020-08-07,0.3499926193921852,39.69,38040.5703125
2020-08-08,0.3974241025641025,8.33,38087.739583333336
2020-08-09,0.3675860465116278,4.41,38134.908854166664
2020-08-10,0.3791849878934624,38.71,38182.078125
2020-08-11,0.3868096128170894,39.2,38407.01171875
2020-08-12,0.2980856562922869,39.2,38369.62890625
2020-08-13,0.346090350877193,41.16,38310.48828125
2020-08-14,0.3397184488836662,41.16,37877.33984375
2020-08-15,0.3536531914893617,6.37,37935.153645833336
2020-08-16,0.3901471962616822,5.39,37992.967447916664
2020-08-17,0.3929002544529262,40.18,38050.78125
2020-08-18,0.4411987730061349,35.77,38528.3203125
2020-08-19,0.4126807594936709,34.3,38614.7890625
2020-08-20,0.2627403592814371,38.22,38220.390625
2020-08-21,0.3901840909090909,37.73,38434.71875
2020-08-22,0.3751689655172413,7.35,38556.171875
2020-08-23,0.4131456647398843,4.9,38677.625
2020-08-24,0.3753673372781065,37.24,38799.078125
2020-08-25,0.3767735492577597,39.69,38843.87890625
2020-08-26,0.3294511053315995,39.69,39073.921875
2020-08-27,0.3846100508905852,39.69,39113.46875
2020-08-28,0.4039808764940239,36.26,39467.30859375
2020-08-29,0.3931823899371069,8.33,39187.635416666664
2020-08-30,0.4272167883211679,4.9,38907.962239583336
2020-08-31,0.2347094494658997,49.0,38628.2890625
2020-09-01,0.3246454022988506,50.0,38900.80078125
2020-09-02,0.3816359949302915,45.0,39086.03125
2020-09-03,0.3500631578947368,42.5,38990.94140625
2020-09-04,0.2339356026785714,50.0,38357.1796875
2020-09-05,0.3522607305936073,10.0,38377.196614583336
2020-09-06,0.3040551546391752,5.5,38397.213541666664
2020-09-07,0.3558069666182873,48.0,38417.23046875
2020-09-08,0.3007764322916667,42.5,38365.3515625
2020-09-09,0.2539706827309237,40.0,38193.921875
2020-09-10,0.3778627473806751,42.0,38840.3203125
2020-09-11,0.3959064257028112,41.5,38854.55078125
2020-09-12,0.3949202380952381,9.0,38821.91015625
2020-09-13,0.3878669491525423,5.0,38789.26953125
2020-09-14,0.3477225477707006,37.5,38756.62890625
2020-09-15,0.3967573604060913,35.5,39044.3515625
2020-09-16,0.4030357249626308,36.5,39302.8515625
2020-09-17,0.2789075596816976,38.5,38979.8515625
2020-09-18,0.3545728009259259,40.5,38845.8203125
2020-09-19,0.4664709844559586,7.5,38575.260416666664
2020-09-20,0.4441992537313433,4.5,38304.700520833336
2020-09-21,0.2905525554484088,42.5,38034.140625
2020-09-22,0.2880438138479001,45.0,37734.078125
2020-09-23,0.2717889877641824,42.0,37668.421875
2020-09-24,0.2531569610778443,47.0,36553.6015625
2020-09-25,0.3393450718685832,48.5,37388.66015625
2020-09-26,0.3891629032258064,9.0,37586.31640625
2020-09-27,0.2896419753086419,4.5,37783.97265625
2020-09-28,0.4152783171521035,42.5,37981.62890625
2020-09-29,0.3669338562091503,42.5,37973.21875
2020-09-30,0.3829130606860159,41.0,38067.9296875
2020-10-01,0.4028678966789668,38.7,38697.05078125
2020-10-02,0.3319597633136094,13.76,38766.212890625
2020-10-03,0.3843381818181818,7.31,38835.375
2020-10-04,0.3253704142011834,3.87,38904.537109375
2020-10-05,0.3994850299401197,37.84,38973.69921875
2020-10-06,0.3776164667393675,35.69,39574.5703125
2020-10-07,0.3675262101534828,37.41,39878.94921875
2020-10-08,0.3653516765285995,39.56,40182.671875
2020-10-09,0.3470972286374134,43.0,40509.48828125
2020-10-10,0.3840489795918367,7.74,40537.592447916664
2020-10-11,0.3651401515151515,4.73,40565.696614583336
2020-10-12,0.4050950688073395,40.42,40593.80078125
2020-10-13,0.384423872679045,39.56,40625.51171875
2020-10-14,0.3328158282208588,37.84,40794.73828125
2020-10-15,0.2871675170068027,42.14,39728.41015625
2020-10-16,0.3316251638269987,41.71,39982.98046875
2020-10-17,0.3598802919708029,7.74,40132.520833333336
2020-10-18,0.3390287671232876,4.3,40282.061197916664
2020-10-19,0.4234922480620155,36.55,40431.6015625
2020-10-20,0.3501816666666666,35.26,40544.37109375
2020-10-21,0.4305944881889764,36.98,40707.30859375
2020-10-22,0.3312189856957087,38.7,40558.48828125
2020-10-23,0.3858170391061452,34.83,40685.5
2020-10-24,0.3208340540540541,7.31,40505.5
2020-10-25,0.3080279329608938,5.16,40325.5
2020-10-26,0.2454501101321586,36.98,40145.5
2020-10-27,0.3501888166449935,37.84,40522.1015625
2020-10-28,0.3015785550458715,37.41,39922.4609375
2020-10-29,0.2752147887323943,38.7,39749.8515625
2020-10-30,0.3195920365535248,39.56,39614.0703125
2020-10-31,0.3439209944751381,8.6,39661.90625
2020-11-01,0.3364138461538462,4.23,39709.7421875
2020-11-02,0.3944531051964512,39.48,39757.578125
2020-11-03,0.372237578814628,36.19,40261.12890625
2020-11-04,0.3604383531960997,34.309999999999995,40616.140625
2020-11-05,0.4092182308522114,38.07,41340.16015625
2020-11-06,0.4093302816901408,41.36,41893.05859375
2020-11-07,0.3359565476190476,8.93,42127.848958333336
2020-11-08,0.372595625,4.699999999999999,42362.639322916664
2020-11-09,0.3944182810368349,46.06,42597.4296875
2020-11-10,0.4081698129251701,47.0,43277.6484375
2020-11-11,0.3806781420765027,43.24,43593.671875
2020-11-12,0.3297439688715953,43.71,43357.19140625
2020-11-13,0.3186827191867852,40.42,43443.0
2020-11-14,0.4576678474114442,18.33,43570.427734375
2020-11-15,0.3584656934306569,7.989999999999999,43697.85546875
2020-11-16,0.3051858208955224,27.26,43825.283203125
2020-11-17,0.3904607814761215,41.83,43952.7109375
2020-11-18,0.3757962630792227,43.71,44180.05078125
2020-11-19,0.3426300766283525,45.12,43599.9609375
2020-11-20,0.4142956190476191,43.71,43882.25
2020-11-21,0.3772358695652174,12.22,43947.216145833336
2020-11-22,0.3097693181818182,5.64,44012.182291666664
2020-11-23,0.408825,41.36,44077.1484375
2020-11-24,0.4059799212598425,44.18,44523.01953125
2020-11-25,0.4010954350927246,47.0,43828.1015625
2020-11-26,0.3967503239740821,44.18,44259.73828125
2020-11-27,0.3490920997920997,43.71,44149.71875
2020-11-28,0.3457195652173913,9.87,44276.1494140625
2020-11-29,0.3679847222222222,5.17,44402.580078125
2020-11-30,0.3619434782608696,25.85,44529.0107421875
2020-12-01,0.4118788256227758,31.32,44655.44140625
2020-12-02,0.3545704950495049,29.700000000000003,44618.0390625
2020-12-03,0.4286099601593625,30.78,44632.6484375
2020-12-04,0.3199516684607104,32.940000000000005,45079.55078125
2020-12-05,0.2787962962962962,8.100000000000001,45195.356770833336
2020-12-06,0.3284623893805309,4.32,45311.162760416664
2020-12-07,0.4088117414248021,32.940000000000005,45426.96875
2020-12-08,0.3405110743801652,32.400000000000006,45608.51171875
2020-12-09,0.3605644710578842,36.18,46103.5
2020-12-10,0.3448749196141479,34.02,45959.87890625
2020-12-11,0.4123271739130434,35.1,46099.01171875
2020-12-12,0.3384710382513661,7.0200000000000005,46150.494791666664
2020-12-13,0.3569603053435115,3.78,46201.977864583336
2020-12-14,0.4388592534992224,31.32,46253.4609375
2020-12-15,0.3041934426229508,30.78,46263.171875
2020-12-16,0.354597539797395,39.42,46666.4609375
2020-12-17,0.3927432565789474,31.32,46890.33984375
2020-12-18,0.353648097412481,35.1,46960.69140625
2020-12-19,0.2680041884816754,7.0200000000000005,46491.78125
2020-12-20,0.3626912280701754,3.78,46022.87109375
2020-12-21,0.180455119825708,47.52,45553.9609375
2020-12-22,0.2945595930232558,54.0,46006.69140625
2020-12-23,0.3878734899328859,39.96,46444.1796875
2020-12-24,0.404467495854063,37.8,46973.5390625
2020-12-25,0.2948542056074766,14.580000000000002,47068.591796875
2020-12-26,0.2720677777777778,6.48,47163.64453125
2020-12-27,0.1565201923076923,3.78,47258.697265625
2020-12-28,0.39332296875,35.64,47353.75
2020-12-29,0.4202747841105354,34.56,47613.078125
2020-12-30,0.422744,36.72,47746.21875
2020-12-31,0.4339605633802816,37.260000000000005,47751.328125
2021-01-01,0.4446937254901961,35.510000000000005,47868.98046875
2021-01-02,0.2657957746478873,8.48,47971.587239583336
2021-01-03,0.3841530973451327,4.24,48074.194010416664
2021-01-04,0.3717999999999999,36.57,48176.80078125
2021-01-05,0.3100675111773472,34.980000000000004,48437.78125
2021-01-06,0.365522641509434,35.510000000000005,48174.05859375
2021-01-07,0.4087173010380622,36.57,48093.3203125
2021-01-08,0.4239765891472868,36.04,48782.51171875
2021-01-09,0.4170844155844156,7.42,48944.78125
2021-01-10,0.3578181818181818,3.71,49107.05078125
2021-01-11,0.3505399449035812,33.92,49269.3203125
2021-01-12,0.3425772585669782,38.690000000000005,49517.109375
2021-01-13,0.354640874811463,37.63,49492.3203125
2021-01-14,0.2910878091872791,32.33,49584.16015625
2021-01-15,0.2817494195688225,35.510000000000005,49034.671875
2021-01-16,0.3097890909090909,7.42,48877.87109375
2021-01-17,0.2872254098360656,3.71,48721.0703125
2021-01-18,0.3090199630314233,38.16,48564.26953125
2021-01-19,0.389968509984639,33.39,49398.2890625
2021-01-20,0.3893524886877827,34.980000000000004,49792.12109375
2021-01-21,0.1973383246244285,53.0,49624.76171875
2021-01-22,0.2308919245283019,43.99,48878.5390625
2021-01-23,0.1973438829787234,7.95,48701.555989583336
2021-01-24,0.256990812720848,4.7700000000000005,48524.572916666664
2021-01-25,0.3508277936962751,40.28,48347.58984375
2021-01-26,0.293807486631016,11.13,47878.759765625
2021-01-27,0.2865670915411356,39.75,47409.9296875
2021-01-28,0.3045954487989886,47.17,46874.359375
2021-01-29,0.2849680731364276,43.46,46285.76953125
2021-01-30,0.2786876777251185,9.01,47057.3828125
2021-01-31,0.3094933774834437,4.24,47828.99609375
2021-02-01,0.3008295673076923,67.0,48600.609375
2021-02-02,0.3638092874299439,57.620000000000005,49797.71875
2021-02-03,0.3598285867237688,45.56,50255.75
2021-02-04,0.3592481879194631,46.23,50614.2890625
2021-02-05,0.3801623623623623,42.88,50731.62890625
2021-02-06,0.3419869918699187,9.38,50937.342447916664
2021-02-07,0.3414444444444444,4.0200000000000005,51143.055989583336
2021-02-08,0.4257215252152521,38.190000000000005,51348.76953125
2021-02-09,0.3961643504531722,40.2,51329.078125
2021-02-10,0.3842519933554817,39.53,51309.390625
2021-02-11,0.4092388333333333,37.52,51531.51953125
2021-02-12,0.4046334565619223,36.18,51544.30078125
2021-02-13,0.3817721212121212,6.7,51747.576822916664
2021-02-14,0.4620242647058823,4.0200000000000005,51950.852864583336
2021-02-15,0.3565166150670795,35.510000000000005,52154.12890625
2021-02-16,0.3772538674033149,34.17,52104.171875
2021-02-17,0.2899693284936479,35.510000000000005,51703.828125
2021-02-18,0.3521530988274707,35.510000000000005,51324.69140625
2021-02-19,0.2714040971168437,33.5,50889.76171875
2021-02-20,0.352887074829932,7.37,50507.947916666664
2021-02-21,0.3661035714285714,4.0200000000000005,50126.134114583336
2021-02-22,0.2734735461801596,37.52,49744.3203125
2021-02-23,0.3944189419795222,39.53,49751.41015625
2021-02-24,0.2637361085126286,46.23,50781.69140625
2021-02-25,0.414131899641577,36.18,51039.30859375
2021-02-26,0.2279531223980016,47.57,49099.98828125
2021-02-27,0.2461839572192513,8.71,49349.938802083336
2021-02-28,0.3210642335766423,4.0200000000000005,49599.889322916664
2021-03-01,0.3964201550387597,53.46,49849.83984375
2021-03-02,0.4093347176079734,48.6,50296.890625
2021-03-03,0.4017826283987915,47.52,51444.6484375
2021-03-04,0.3086216174183515,54.0,50846.078125
2021-03-05,0.3200397236614853,52.38,50405.3203125
2021-03-06,0.3434986013986014,14.04,50417.236979166664
2021-03-07,0.2880247787610619,7.56,50429.153645833336
2021-03-08,0.430074531835206,48.6,50441.0703125
2021-03-09,0.4296596964586846,45.900000000000006,51025.48046875
2021-03-10,0.4056159049360146,45.900000000000006,51279.51171875
2021-03-11,0.2999838235294118,25.92,51035.794921875
2021-03-12,0.3962790591805766,45.900000000000006,50792.078125
2021-03-13,0.4535050420168067,9.18,50659.744791666664
2021-03-14,0.4357388888888888,4.86,50527.411458333336
2021-03-15,0.3518278873239436,44.28,50395.078125
2021-03-16,0.4183303265940902,42.120000000000005,50363.9609375
2021-03-17,0.3819333841463414,46.440000000000005,49801.62109375
2021-03-18,0.3913211404728789,48.06,49216.51953125
2021-03-19,0.3556479508196721,51.84,49858.23828125
2021-03-20,0.3909014184397163,9.18,49829.255208333336
2021-03-21,0.3462456,5.4,49800.272135416664
2021-03-22,0.3256350245499181,49.14,49771.2890625
2021-03-23,0.4566087171052631,45.36,50051.44140625
2021-03-24,0.2913278735632184,43.74,49180.30859375
2021-03-25,0.3263245674740485,53.46,48440.12109375
2021-03-26,0.3857732035928144,45.36,49008.5
2021-03-27,0.3490759124087591,9.18,49290.51953125
2021-03-28,0.2694336633663367,4.86,49572.5390625
2021-03-29,0.2659644736842105,14.04,49854.55859375
2021-03-30,0.4247009655172414,46.440000000000005,50136.578125
2021-03-31,0.3532844011142061,44.28,49509.1484375
2021-04-01,0.4223231007751937,39.6,50029.828125
2021-04-02,0.3040245810055866,19.25,49812.201171875
2021-04-03,0.2951880239520958,7.15,49594.57421875
2021-04-04,0.2792737288135593,4.4,49376.947265625
2021-04-05,0.3034137440758293,49.50000000000001,49159.3203125
2021-04-06,0.410811574074074,43.45,49201.390625
2021-04-07,0.4093504258943782,39.05,49661.76171875
2021-04-08,0.419394366197183,41.8,49746.2109375
2021-04-09,0.3700824367088607,39.05,49591.3203125
2021-04-10,0.3400491228070175,7.15,49022.006510416664
2021-04-11,0.437796,3.850000000000001,48452.692708333336
2021-04-12,0.2548143617021276,55.00000000000001,47883.37890625
2021-04-13,0.4137438070404172,45.650000000000006,48544.05859375
2021-04-14,0.337090625,23.1,48673.869140625
2021-04-15,0.3988781588447653,45.650000000000006,48803.6796875
2021-04-16,0.4534233278955953,39.05,48832.03125
2021-04-17,0.4143326923076923,7.700000000000001,48537.828125
2021-04-18,0.3392795918367347,4.95,48243.625
2021-04-19,0.2776727272727272,46.75000000000001,47949.421875
2021-04-20,0.3705096153846154,41.8,47705.80078125
2021-04-21,0.3133686170212766,24.200000000000003,47893.236328125
2021-04-22,0.3840924679487179,40.7,48080.671875
2021-04-23,0.357061101836394,37.400000000000006,47878.44921875
2021-04-24,0.3743700680272108,7.700000000000001,48047.803385416664
2021-04-25,0.3450127118644068,4.95,48217.157552083336
2021-04-26,0.4233258594917787,39.05,48386.51171875
2021-04-27,0.4706771875,34.1,48944.140625
2021-04-28,0.4413309878213802,33.0,49733.83984375
2021-04-29,0.4229368632707774,35.75,49765.94140625
2021-04-30,0.3263633720930232,35.75,48782.359375
2021-05-01,0.3304762589928057,8.64,48761.079427083336
2021-05-02,0.3387879120879121,5.279999999999999,48739.799479166664
2021-05-03,0.346306346749226,43.68,48718.51953125
2021-05-04,0.3871393414211438,40.32,48253.51171875
2021-05-05,0.4526001733102253,38.4,48677.55078125
2021-05-06,0.5020499194847021,40.32,48949.76171875
2021-05-07,0.4779576797385621,40.32,49087.923828125
2021-05-08,0.433184496124031,8.64,49226.0859375
2021-05-09,0.4428966386554622,5.279999999999999,49364.248046875
2021-05-10,0.4634398162327718,41.76,49502.41015625
2021-05-11,0.3459390015600623,40.8,49161.80859375
2021-05-12,0.3383449275362319,42.24,48690.80078125
2021-05-13,0.3531964102564102,29.28,48711.67578125
2021-05-14,0.4476123188405797,43.68,48732.55078125
2021-05-15,0.412085641025641,9.12,49015.27734375
2021-05-16,0.4677710982658959,5.279999999999999,49298.00390625
2021-05-17,0.4548699690402477,40.8,49580.73046875
2021-05-18,0.4023867435158501,43.68,50193.328125
2021-05-19,0.3285317195325543,43.68,49902.640625
2021-05-20,0.3698937172774869,43.2,49564.859375
2021-05-21,0.3995165151515151,44.16,50540.48046875
2021-05-22,0.4728695121951219,8.64,50577.619791666664
2021-05-23,0.3976381944444445,5.279999999999999,50614.759114583336
2021-05-24,0.4232530322580645,41.76,50651.8984375
2021-05-25,0.4254112162162162,40.8,50637.53125
2021-05-26,0.437495707070707,43.68,51017.51953125
2021-05-27,0.4410160056657224,41.76,51115.21875
2021-05-28,0.4565181818181817,48.0,51422.87890625
2021-05-29,0.3801098814229249,9.6,51594.399739583336
2021-05-30,0.3406081180811808,5.76,51765.920572916664
2021-05-31,0.3747153846153846,42.72,51937.44140625
2021-06-01,0.4239281012658227,49.14,51934.87890625
2021-06-02,0.365082602739726,47.52,51849.48046875
2021-06-03,0.4358243445692884,46.98,52232.4296875
2021-06-04,0.3540709549071618,52.38,52100.05078125
2021-06-05,0.3014296,10.260000000000002,52176.204427083336
2021-06-06,0.3850234482758621,5.94,52252.358072916664
2021-06-07,0.4084678391959799,41.580000000000005,52328.51171875
2021-06-08,0.3715823056300268,43.2,52275.5703125
2021-06-09,0.384733257918552,46.98,51941.640625
2021-06-10,0.4149840314136125,44.82,52300.46875
2021-06-11,0.4217454215775159,49.68000000000001,52474.76171875
2021-06-12,0.3782286956521739,9.18,52500.3515625
2021-06-13,0.3695040697674418,5.4,52525.94140625
2021-06-14,0.3482549462365591,50.760000000000005,52551.53125
2021-06-15,0.4335646121147715,43.74,52773.05078125
2021-06-16,0.3592587666263603,46.98,52501.98046875
2021-06-17,0.3249325224071703,48.6,52323.328125
2021-06-18,0.3384197894736842,54.0,52344.44921875
2021-06-19,0.3825649006622516,10.260000000000002,52421.119791666664
2021-06-20,0.4046556886227545,5.4,52497.790364583336
2021-06-21,0.3056160642570281,49.68000000000001,52574.4609375
2021-06-22,0.3339457754010695,45.36,52588.7109375
2021-06-23,0.3421651315789474,42.66,52306.078125
2021-06-24,0.3737931343283582,44.82,52699.0
2021-06-25,0.3864318713450292,45.900000000000006,52925.0390625
2021-06-26,0.5010813664596273,9.18,52861.889322916664
2021-06-27,0.481785465116279,4.86,52798.739583333336
2021-06-28,0.3879782208588956,42.120000000000005,52735.58984375
2021-06-29,0.3549054491899852,45.36,52549.66015625
2021-06-30,0.3689871681415929,43.2,52482.7109375
2021-07-01,0.3319966990291262,36.34,52318.6015625
2021-07-02,0.3391895189003436,37.260000000000005,52484.671875
2021-07-03,0.3449550387596899,7.82,52616.447916666664
2021-07-04,0.277416,4.140000000000001,52748.223958333336
2021-07-05,0.4202158756137479,40.48,52880.0
2021-07-06,0.3708612852664577,38.18,52861.1796875
2021-07-07,0.3862058551617873,39.1,53054.76171875
2021-07-08,0.3120216923076923,39.1,52568.94140625
2021-07-09,0.2620876671619613,40.02,52386.19140625
2021-07-10,0.3785163265306122,7.36,52381.69140625
2021-07-11,0.418260544217687,4.140000000000001,52377.19140625
2021-07-12,0.3656118863049096,39.1,52372.69140625
2021-07-13,0.3870458563535912,36.8,52769.73046875
2021-07-14,0.3277162327718223,38.64,52904.05078125
2021-07-15,0.3950020576131687,36.8,53158.8515625
2021-07-16,0.397417485549133,38.18,53140.05859375
2021-07-17,0.3840134453781513,7.36,52944.505208333336
2021-07-18,0.4207590551181102,4.140000000000001,52748.951822916664
2021-07-19,0.2560213075060533,41.4,52553.3984375
2021-07-20,0.2854535286284953,46.0,52198.51171875
2021-07-21,0.2961328767123287,19.78,52517.861328125
2021-07-22,0.3698401746724891,42.78,52837.2109375
2021-07-23,0.3445436817472699,42.78,52975.80078125
2021-07-24,0.3526770992366412,6.9,52934.623697916664
2021-07-25,0.3621289256198347,4.140000000000001,52893.446614583336
2021-07-26,0.3026743902439024,37.72,52852.26953125
2021-07-27,0.3209223479490806,38.64,52578.76171875
2021-07-28,0.2843078305519897,42.78,52443.7109375
2021-07-29,0.3446123611111111,38.18,52653.0703125
2021-07-30,0.319021752265861,40.02,52586.83984375
2021-07-31,0.4062304635761589,6.9,52708.102864583336
2021-08-01,0.3608137404580152,4.3,52829.365885416664
2021-08-02,0.386561501597444,37.41,52950.62890625
2021-08-03,0.3894767696909272,37.41,53823.359375
2021-08-04,0.3402747983870967,43.0,54369.76953125
2021-08-05,0.3683950819672131,40.42,54492.83984375
2021-08-06,0.337885023400936,39.56,54277.71875
2021-08-07,0.3680507142857143,6.45,54319.4296875
2021-08-08,0.4275848214285714,3.87,54361.140625
2021-08-09,0.3598456066945606,37.84,54402.8515625
2021-08-10,0.3747908735332464,41.28,54554.66015625
2021-08-11,0.3406518567639257,37.84,54525.9296875
2021-08-12,0.3878718881118881,34.83,54843.98046875
2021-08-13,0.3425964224872231,37.84,55437.2890625
2021-08-14,0.3245724444444444,7.31,55485.71875
2021-08-15,0.3475555555555555,4.3,55534.1484375
2021-08-16,0.3551063421828909,36.55,55582.578125
2021-08-17,0.3337546707503828,39.13,55792.26953125
2021-08-18,0.287989841986456,36.98,55629.48828125
2021-08-19,0.3121036290322581,25.37,55479.404296875
2021-08-20,0.2295781088082901,38.27,55329.3203125
2021-08-21,0.2673825806451613,7.74,55404.809895833336
2021-08-22,0.2864377049180328,3.44,55480.299479166664
2021-08-23,0.3221271523178808,39.56,55555.7890625
2021-08-24,0.4101740259740259,12.04,55958.98046875
2021-08-25,0.3657020460358056,35.26,55944.2109375
2021-08-26,0.3440700949367088,33.11,55949.1015625
2021-08-27,0.3533225669957687,33.54,56124.71875
2021-08-28,0.282694,7.31,56379.733072916664
2021-08-29,0.3415357142857143,3.87,56634.747395833336
2021-08-30,0.3997103009259259,34.83,56889.76171875
2021-08-31,0.36940620581304,40.85,57552.390625
2021-09-01,0.3762436772692009,36.96,57338.2109375
2021-09-02,0.3716376498800959,35.52,57852.5390625
2021-09-03,0.3732528049866429,38.4,58129.94921875
2021-09-04,0.5482032520325203,8.64,58185.602864583336
2021-09-05,0.3908136094674556,3.84,58241.256510416664
2021-09-06,0.3897201954397394,36.48,58296.91015625
2021-09-07,0.3333684281842818,36.48,58279.48046875
2021-09-08,0.3187399693721287,35.52,58250.26171875
2021-09-09,0.2755361549497848,33.12,58305.0703125
2021-09-10,0.290094358974359,17.759999999999998,58273.2431640625
2021-09-11,0.3253840909090909,5.76,58241.416015625
2021-09-12,0.4159893203883495,3.36,58209.5888671875
2021-09-13,0.248238775510204,32.16,58177.76171875
2021-09-14,0.3747548632218845,30.24,58247.08984375
2021-09-15,0.396703,33.6,58723.19921875
2021-09-16,0.3632995387453874,36.48,59141.16015625
2021-09-17,0.3735742800397219,42.72,59015.890625
2021-09-18,0.4105729591836735,7.68,58840.903645833336
2021-09-19,0.3365850649350649,4.32,58665.916666666664
2021-09-20,0.2522161882893226,37.92,58490.9296875
2021-09-21,0.3453322102425876,38.88,59005.26953125
2021-09-22,0.3380350724637681,37.44,58927.328125
2021-09-23,0.3346297854077253,38.88,59885.359375
2021-09-24,0.228331159080244,48.0,60048.46875
2021-09-25,0.2409515584415584,9.6,60058.272135416664
2021-09-26,0.2645912195121951,4.32,60068.075520833336
2021-09-27,0.3497300921187308,39.36,60077.87890625
2021-09-28,0.3154746153846153,36.96,59667.6015625
2021-09-29,0.2426059031877213,39.36,59413.26953125
2021-09-30,0.2917544747081712,37.44,59126.359375
2021-10-01,0.267045501285347,34.96,58765.578125
2021-10-02,0.3974089820359281,6.44,58943.4921875
2021-10-03,0.3203565789473684,3.22,59121.40625
2021-10-04,0.3660935897435897,35.42,59299.3203125
2021-10-05,0.3386410669975186,34.96,59744.87890625
2021-10-06,0.3124579275905118,36.34,59189.73046875
2021-10-07,0.3426523364485981,31.74,59677.828125
2021-10-08,0.333393325092707,34.04,60059.05859375
2021-10-09,0.3770646341463414,6.9,60084.6328125
2021-10-10,0.3096165467625899,3.68,60110.20703125
2021-10-11,0.3663047904191616,34.5,60135.78125
2021-10-12,0.3331801546391753,34.04,60284.30859375
2021-10-13,0.3762304017372421,33.58,60737.05078125
2021-10-14,0.3620662570888469,33.58,61305.94921875
2021-10-15,0.2871615107913669,14.26,61420.859375
2021-10-16,0.3938597633136094,6.44,61535.76953125
2021-10-17,0.3354379518072289,3.22,61650.6796875
2021-10-18,0.3974351774530271,34.04,61765.58984375
2021-10-19,0.3381394230769231,37.72,61716.05078125
2021-10-20,0.3203863924050633,40.48,61259.9609375
2021-10-21,0.313081329113924,40.48,60923.5
2021-10-22,0.3331128312412831,40.02,60821.62109375
2021-10-23,0.324647619047619,7.82,60870.09765625
2021-10-24,0.3297098039215686,3.68,60918.57421875
2021-10-25,0.3172159120310479,37.260000000000005,60967.05078125
2021-10-26,0.4073243401759531,33.58,61350.26171875
2021-10-27,0.3952807956104252,31.74,61143.328125
2021-10-28,0.2497119766309639,39.56,59984.69921875
2021-10-29,0.2718801494130203,46.0,59306.9296875
2021-10-30,0.2194062222222222,8.280000000000001,59584.106770833336
2021-10-31,0.2579602564102564,3.68,59861.283854166664
2021-11-01,0.3904900576368875,33.32,60138.4609375
2021-11-02,0.3399814417177914,39.69,60029.05859375
2021-11-03,0.3261621733149931,30.87,59771.921875
2021-11-04,0.4373124,19.11,60067.62109375
2021-11-05,0.3688867549668874,17.15,60187.1181640625
2021-11-06,0.3292821428571428,6.859999999999999,60306.615234375
2021-11-07,0.3402064220183486,3.92,60426.1123046875
2021-11-08,0.3473490223463687,32.34,60545.609375
2021-11-09,0.3147839064649244,31.85,60433.44921875
2021-11-10,0.2853590728476821,34.79,60352.8203125
2021-11-11,0.2835998834498834,31.85,59919.69140625
2021-11-12,0.3654067602040816,31.85,60686.69140625
2021-11-13,0.3729958333333333,7.84,60697.364583333336
2021-11-14,0.3381085271317829,3.43,60708.037760416664
2021-11-15,0.3597834938101787,30.87,60718.7109375
2021-11-16,0.3020244201909959,29.89,60322.37109375
2021-11-17,0.2787438639125151,30.38,60008.328125
2021-11-18,0.2689715137067938,35.77,59636.01171875
2021-11-19,0.2166529880478087,18.13,59343.4814453125
2021-11-20,0.3138567375886524,5.88,59050.951171875
2021-11-21,0.322795,3.92,58758.4208984375
2021-11-22,0.2368821584529008,42.63,58465.890625
2021-11-23,0.2763020408163265,41.65,58664.328125
2021-11-24,0.3480587740384615,36.75,58340.98828125
2021-11-25,0.2791198888888889,35.28,58795.08984375
2021-11-26,0.1708770263293753,49.0,57107.1484375
2021-11-27,0.1417816949152542,9.31,57158.291666666664
2021-11-28,0.2168133971291866,5.39,57209.434895833336
2021-11-29,0.2558289719626168,46.55,57260.578125
2021-11-30,0.3272738231917336,43.61,57064.87109375
2021-12-01,0.3706581291759465,36.48,57684.7890625
2021-12-02,0.3870365763546798,36.48,58461.2890625
2021-12-03,0.3419678188319427,38.19,57696.4609375
2021-12-04,0.2787346405228758,6.84,57380.020833333336
2021-12-05,0.3289625,3.99,57063.580729166664
2021-12-06,0.2201055928411633,38.19,56747.140625
2021-12-07,0.2974931919642857,37.62,57633.6484375
2021-12-08,0.338699045346062,37.62,58649.6796875
2021-12-09,0.3849135135135135,37.05,58807.12890625
2021-12-10,0.2834654970760233,39.33,58786.671875
2021-12-11,0.3397325,6.84,58618.921875
2021-12-12,0.3305702127659574,3.99,58451.171875
2021-12-13,0.330586783042394,36.48,58283.421875
2021-12-14,0.2269378260869565,37.05,58117.08984375
2021-12-15,0.2279223837209302,35.91,57788.03125
2021-12-16,0.3264745269286754,35.34,57901.140625
2021-12-17,0.2495122448979591,39.33,57011.73828125
2021-12-18,0.2579346534653465,7.409999999999999,56615.162760416664
2021-12-19,0.2490548387096774,3.99,56218.587239583336
2021-12-20,0.1377873023255814,56.99999999999999,55822.01171875
2021-12-21,0.3132909181636726,45.03,56319.01171875
2021-12-22,0.3555614569536424,43.31999999999999,56930.55859375
2021-12-23,0.3802235955056179,43.88999999999999,57315.28125
2021-12-24,0.3264444596443228,45.6,57124.30859375
2021-12-25,0.3757589999999999,6.84,57222.951822916664
2021-12-26,0.2361622950819672,3.99,57321.595052083336
2021-12-27,0.3273288770053476,39.9,57420.23828125
2021-12-28,0.3792994798439532,36.48,57897.48046875
2021-12-29,0.3032589358799454,36.48,57806.48828125
2021-12-30,0.3245164051355206,38.76,57794.3203125
2021-12-31,0.3992332916145181,37.62,58253.8203125
